country,iso,sex,year,suicide_rate,mental_hospitals_per_100k,general_h_units_per_100k,outpatient_facilities_per_100k,day_treatment_facilities_per_100k,comres_facilities_per_100k,psychiatrists_per_100k,nurses_per_100k,social_workers_per_100k,psychologists_per_100k,hospital_budget_pct,standalone_law,standalone_law_year,standalone_policy,standalone_policy_year,comres_beds_per_100k,mental_h_beds_per_100k,general_h_beds_per_100k
Afghanistan,AFG,Both,2015,6.6,,,,,,,,,,,,,,,,,
Afghanistan,AFG,Male,2015,10.9,,,,,,,,,,,,,,,,,
Afghanistan,AFG,Female,2015,2.1,,,,,,,,,,,,,,,,,
Angola,AGO,Both,2015,9.3,,,,,,,,,,,,,,,,,
Angola,AGO,Male,2015,14.8,,,,,,,,,,,,,,,,,
Angola,AGO,Female,2015,4.7,,,,,,,,,,,,,,,,,
Albania,ALB,Both,2015,5.3,,,,,,,,,,,,,,,,,
Albania,ALB,Male,2015,6.7,,,,,,,,,,,,,,,,,
Albania,ALB,Female,2015,4,,,,,,,,,,,,,,,,,
UAE,ARE,Both,2015,2.7,,,,,,,,,,,,,,,,,
UAE,ARE,Male,2015,3.5,,,,,,,,,,,,,,,,,
UAE,ARE,Female,2015,0.8,,,,,,,,,,,,,,,,,
Argentina,ARG,Both,2015,8.7,,,,,,,,,,,,,,,,,
Argentina,ARG,Male,2015,14.4,,,,,,,,,,,,,,,,,
Argentina,ARG,Female,2015,3.4,,,,,,,,,,,,,,,,,
Armenia,ARM,Both,2015,6,,,,,,,,,,,,,,,,,
Armenia,ARM,Male,2015,10.7,,,,,,,,,,,,,,,,,
Armenia,ARM,Female,2015,2.2,,,,,,,,,,,,,,,,,
Antigua and Barbuda,ATG,Both,2015,0.8,,,,,,,,,,,,,,,,,
Antigua and Barbuda,ATG,Male,2015,0,,,,,,,,,,,,,,,,,
Antigua and Barbuda,ATG,Female,2015,1.6,,,,,,,,,,,,,,,,,
Australia,AUS,Both,2015,12.2,0.071,0.601,,1.105,0.752,13.525,90.582,,103.036,7.8,Yes,,Yes,2009,10.383,7.214,21.761
Australia,AUS,Male,2015,18.3,0.071,0.601,,1.105,0.752,13.525,90.582,,103.036,7.8,Yes,,Yes,2009,10.383,7.214,21.761
Australia,AUS,Female,2015,6.2,0.071,0.601,,1.105,0.752,13.525,90.582,,103.036,7.8,Yes,,Yes,2009,10.383,7.214,21.761
Austria,AUT,Both,2015,11.5,0.092,0.265,3.457,2.616,4.448,,,,,,No,,No,,59.664,26.087,19.485
Austria,AUT,Male,2015,18.2,0.092,0.265,3.457,2.616,4.448,,,,,,No,,No,,59.664,26.087,19.485
Austria,AUT,Female,2015,5.3,0.092,0.265,3.457,2.616,4.448,,,,,,No,,No,,59.664,26.087,19.485
Azerbaijan,AZE,Both,2015,2.7,,,,,,,,,,,,,,,,,
Azerbaijan,AZE,Male,2015,4.4,,,,,,,,,,,,,,,,,
Azerbaijan,AZE,Female,2015,1,,,,,,,,,,,,,,,,,
Burundi,BDI,Both,2015,14.8,,,,,,,,,,,,,,,,,
Burundi,BDI,Male,2015,22.7,,,,,,,,,,,,,,,,,
Burundi,BDI,Female,2015,7.7,,,,,,,,,,,,,,,,,
Belgium,BEL,Both,2015,15.2,,,,,,,,,,,,,,,,,
Belgium,BEL,Male,2015,21.6,,,,,,,,,,,,,,,,,
Belgium,BEL,Female,2015,8.9,,,,,,,,,,,,,,,,,
Benin,BEN,Both,2015,15.7,,,,,,,,,,,,,,,,,
Benin,BEN,Male,2015,22.5,,,,,,,,,,,,,,,,,
Benin,BEN,Female,2015,9.6,,,,,,,,,,,,,,,,,
Burkina Faso,BFA,Both,2015,14.8,,,,,,,,,,,,,,,,,
Burkina Faso,BFA,Male,2015,22.5,,,,,,,,,,,,,,,,,
Burkina Faso,BFA,Female,2015,9,,,,,,,,,,,,,,,,,
Bangladesh,BGD,Both,2015,6.3,,,,,,,,,,,,,,,,,
Bangladesh,BGD,Male,2015,5.5,,,,,,,,,,,,,,,,,
Bangladesh,BGD,Female,2015,7.2,,,,,,,,,,,,,,,,,
Bulgaria,BGR,Both,2015,7.9,,,,,,,,,,,,,,,,,
Bulgaria,BGR,Male,2015,13.1,,,,,,,,,,,,,,,,,
Bulgaria,BGR,Female,2015,3.2,,,,,,,,,,,,,,,,,
Bahrain,BHR,Both,2015,5.7,,,,,,,,,,,,,,,,,
Bahrain,BHR,Male,2015,7.9,,,,,,,,,,,,,,,,,
Bahrain,BHR,Female,2015,2.2,,,,,,,,,,,,,,,,,
The Bahamas,BHS,Both,2015,1.6,0.259,0.259,0.517,0.259,,,,,,,Yes,2010,Yes,2012,,97.457,3.102
The Bahamas,BHS,Male,2015,2.9,0.259,0.259,0.517,0.259,,,,,,,Yes,2010,Yes,2012,,97.457,3.102
The Bahamas,BHS,Female,2015,0.5,0.259,0.259,0.517,0.259,,,,,,,Yes,2010,Yes,2012,,97.457,3.102
Bosnia and Herzegovina,BIH,Both,2015,6.6,0.085,0.537,1.442,,,8.032,22.144,0.594,1.527,,Yes,2011,Yes,2016,,13.744,23.36
Bosnia and Herzegovina,BIH,Male,2015,11,0.085,0.537,1.442,,,8.032,22.144,0.594,1.527,,Yes,2011,Yes,2016,,13.744,23.36
Bosnia and Herzegovina,BIH,Female,2015,2.6,0.085,0.537,1.442,,,8.032,22.144,0.594,1.527,,Yes,2011,Yes,2016,,13.744,23.36
Belarus,BLR,Both,2015,21.2,,,,,,,,,,,,,,,,,
Belarus,BLR,Male,2015,39.2,,,,,,,,,,,,,,,,,
Belarus,BLR,Female,2015,6.1,,,,,,,,,,,,,,,,,
Belize,BLZ,Both,2015,6.1,,,,,,,,,,,,,,,,,
Belize,BLZ,Male,2015,10.1,,,,,,,,,,,,,,,,,
Belize,BLZ,Female,2015,2.1,,,,,,,,,,,,,,,,,
Bolivia,BOL,Both,2015,13.1,,,,,,,,,,,,,,,,,
Bolivia,BOL,Male,2015,17.1,,,,,,,,,,,,,,,,,
Bolivia,BOL,Female,2015,9.2,,,,,,,,,,,,,,,,,
Brazil,BRA,Both,2015,6.2,,,,,,,,,,,,,,,,,
Brazil,BRA,Male,2015,9.7,,,,,,,,,,,,,,,,,
Brazil,BRA,Female,2015,2.9,,,,,,,,,,,,,,,,,
Barbados,BRB,Both,2015,0.4,0.352,0.352,4.574,,0.704,,63.332,,,9.2,Yes,1991,Yes,2004,17.592,184.014,4.222
Barbados,BRB,Male,2015,0.7,0.352,0.352,4.574,,0.704,,63.332,,,9.2,Yes,1991,Yes,2004,17.592,184.014,4.222
Barbados,BRB,Female,2015,0.3,0.352,0.352,4.574,,0.704,,63.332,,,9.2,Yes,1991,Yes,2004,17.592,184.014,4.222
Brunei,BRN,Both,2015,4.5,,,,,,,,,,,,,,,,,
Brunei,BRN,Male,2015,6.1,,,,,,,,,,,,,,,,,
Brunei,BRN,Female,2015,2.8,,,,,,,,,,,,,,,,,
Bhutan,BTN,Both,2015,11.9,,,,,,,,,,,,,,,,,
Bhutan,BTN,Male,2015,14.1,,,,,,,,,,,,,,,,,
Bhutan,BTN,Female,2015,9.2,,,,,,,,,,,,,,,,,
Botswana,BWA,Both,2015,12,,,,,,,,,,,,,,,,,
Botswana,BWA,Male,2015,19,,,,,,,,,,,,,,,,,
Botswana,BWA,Female,2015,5.9,,,,,,,,,,,,,,,,,
Central African Republic,CAF,Both,2015,12.1,,,,,,,,,,,,,,,,,
Central African Republic,CAF,Male,2015,18.7,,,,,,,,,,,,,,,,,
Central African Republic,CAF,Female,2015,6.4,,,,,,,,,,,,,,,,,
Canada,CAN,Both,2015,10.5,,,,,,,,,,,,,,,,,
Canada,CAN,Male,2015,15.3,,,,,,,,,,,,,,,,,
Canada,CAN,Female,2015,5.8,,,,,,,,,,,,,,,,,
Switzerland,CHE,Both,2015,11.4,0.589,0.252,,,2.488,43.956,92.659,,84.137,5.1,No,,Yes,2016,74.113,75.603,13.81
Switzerland,CHE,Male,2015,16.1,0.589,0.252,,,2.488,43.956,92.659,,84.137,5.1,No,,Yes,2016,74.113,75.603,13.81
Switzerland,CHE,Female,2015,6.9,0.589,0.252,,,2.488,43.956,92.659,,84.137,5.1,No,,Yes,2016,74.113,75.603,13.81
Chile,CHL,Both,2015,10,,,,,,,,,,,,,,,,,
Chile,CHL,Male,2015,16.3,,,,,,,,,,,,,,,,,
Chile,CHL,Female,2015,4.1,,,,,,,,,,,,,,,,,
China,CHN,Both,2015,8.1,0.068,,,,,2.199,5.423,,,,Yes,2013,Yes,2015,,24.288,
China,CHN,Male,2015,7.9,0.068,,,,,2.199,5.423,,,,Yes,2013,Yes,2015,,24.288,
China,CHN,Female,2015,8.5,0.068,,,,,2.199,5.423,,,,Yes,2013,Yes,2015,,24.288,
Cote d’Ivoire,CIV,Both,2015,22.8,,,,,,,,,,,,,,,,,
Cote d’Ivoire,CIV,Male,2015,31.9,,,,,,,,,,,,,,,,,
Cote d’Ivoire,CIV,Female,2015,12.9,,,,,,,,,,,,,,,,,
Cameroon,CMR,Both,2015,19.6,,,,,,,,,,,,,,,,,
Cameroon,CMR,Male,2015,27.2,,,,,,,,,,,,,,,,,
Cameroon,CMR,Female,2015,12.4,,,,,,,,,,,,,,,,,
DR Congo,COD,Both,2015,9.5,,,,,,,,,,,,,,,,,
DR Congo,COD,Male,2015,14.8,,,,,,,,,,,,,,,,,
DR Congo,COD,Female,2015,4.8,,,,,,,,,,,,,,,,,
Congo,COG,Both,2015,9.5,,,,,,,,,,,,,,,,,
Congo,COG,Male,2015,14.2,,,,,,,,,,,,,,,,,
Congo,COG,Female,2015,5.3,,,,,,,,,,,,,,,,,
Colombia,COL,Both,2015,8.1,,,,,,,,,,,,,,,,,
Colombia,COL,Male,2015,13.3,,,,,,,,,,,,,,,,,
Colombia,COL,Female,2015,3.3,,,,,,,,,,,,,,,,,
Comoros,COM,Both,2015,11.1,,,,,,,,,,,,,,,,,
Comoros,COM,Male,2015,17.6,,,,,,,,,,,,,,,,,
Comoros,COM,Female,2015,5.4,,,,,,,,,,,,,,,,,
Cabo Verde,CPV,Both,2015,15,,,,,,,,,,,,,,,,,
Cabo Verde,CPV,Male,2015,23.8,,,,,,,,,,,,,,,,,
Cabo Verde,CPV,Female,2015,7.7,,,,,,,,,,,,,,,,,
Costa Rica,CRI,Both,2015,7.5,,,,,,,,,,,,,,,,,
Costa Rica,CRI,Male,2015,12.8,,,,,,,,,,,,,,,,,
Costa Rica,CRI,Female,2015,2.3,,,,,,,,,,,,,,,,,
Cuba,CUB,Both,2015,10,,,,,,,,,,,,,,,,,
Cuba,CUB,Male,2015,16.3,,,,,,,,,,,,,,,,,
Cuba,CUB,Female,2015,4,,,,,,,,,,,,,,,,,
Cyprus,CYP,Both,2015,4.3,0.086,0.172,0.861,0.517,,,34.97,0,,,Yes,2007,Yes,2007,,11.37,3.445
Cyprus,CYP,Male,2015,6.4,0.086,0.172,0.861,0.517,,,34.97,0,,,Yes,2007,Yes,2007,,11.37,3.445
Cyprus,CYP,Female,2015,2.2,0.086,0.172,0.861,0.517,,,34.97,0,,,Yes,2007,Yes,2007,,11.37,3.445
Czechia,CZE,Both,2015,10.6,0.17,0.283,10.949,,1.471,12.364,30.348,1.207,2.518,4,No,,Yes,2013,,80.943,12.335
Czechia,CZE,Male,2015,17.7,0.17,0.283,10.949,,1.471,12.364,30.348,1.207,2.518,4,No,,Yes,2013,,80.943,12.335
Czechia,CZE,Female,2015,4,0.17,0.283,10.949,,1.471,12.364,30.348,1.207,2.518,4,No,,Yes,2013,,80.943,12.335
Germany,DEU,Both,2015,9.3,0.335,0.491,0.077,,1.57,13.202,,,49.555,11.3,Yes,,Yes,,59.581,55.697,80.64
Germany,DEU,Male,2015,13.9,0.335,0.491,0.077,,1.57,13.202,,,49.555,11.3,Yes,,Yes,,59.581,55.697,80.64
Germany,DEU,Female,2015,4.9,0.335,0.491,0.077,,1.57,13.202,,,49.555,11.3,Yes,,Yes,,59.581,55.697,80.64
Djibouti,DJI,Both,2015,8.2,,,,,,,,,,,,,,,,,
Djibouti,DJI,Male,2015,11.6,,,,,,,,,,,,,,,,,
Djibouti,DJI,Female,2015,5.1,,,,,,,,,,,,,,,,,
Denmark,DNK,Both,2015,8.6,,,,,,,,,,,,,,,,,
Denmark,DNK,Male,2015,11.9,,,,,,,,,,,,,,,,,
Denmark,DNK,Female,2015,5.4,,,,,,,,,,,,,,,,,
Dominican Republic,DOM,Both,2015,10.2,,,,,,,,,,,,,,,,,
Dominican Republic,DOM,Male,2015,17.5,,,,,,,,,,,,,,,,,
Dominican Republic,DOM,Female,2015,3.2,,,,,,,,,,,,,,,,,
Algeria,DZA,Both,2015,3.4,,,,,,,,,,,,,,,,,
Algeria,DZA,Male,2015,5,,,,,,,,,,,,,,,,,
Algeria,DZA,Female,2015,1.8,,,,,,,,,,,,,,,,,
Ecuador,ECU,Both,2015,9.7,,,,,,,,,,,,,,,,,
Ecuador,ECU,Male,2015,14.8,,,,,,,,,,,,,,,,,
Ecuador,ECU,Female,2015,4.9,,,,,,,,,,,,,,,,,
Egypt,EGY,Both,2015,4.2,,,,,,,,,,,,,,,,,
Egypt,EGY,Male,2015,6.8,,,,,,,,,,,,,,,,,
Egypt,EGY,Female,2015,1.7,,,,,,,,,,,,,,,,,
Eritrea,ERI,Both,2015,14.1,,,,,,,,,,,,,,,,,
Eritrea,ERI,Male,2015,22.8,,,,,,,,,,,,,,,,,
Eritrea,ERI,Female,2015,6.3,,,,,,,,,,,,,,,,,
Spain,ESP,Both,2015,5.7,0.183,1.028,2.045,,,9.694,2.873,0.114,,,No,,Yes,2015,,28.148,14.307
Spain,ESP,Male,2015,8.7,0.183,1.028,2.045,,,9.694,2.873,0.114,,,No,,Yes,2015,,28.148,14.307
Spain,ESP,Female,2015,3,0.183,1.028,2.045,,,9.694,2.873,0.114,,,No,,Yes,2015,,28.148,14.307
Estonia,EST,Both,2015,13.3,,,,,,,,,,,,,,,,,
Estonia,EST,Male,2015,23.9,,,,,,,,,,,,,,,,,
Estonia,EST,Female,2015,3.8,,,,,,,,,,,,,,,,,
Ethiopia,ETH,Both,2015,11.5,,,,,,,,,,,,,,,,,
Ethiopia,ETH,Male,2015,18.7,,,,,,,,,,,,,,,,,
Ethiopia,ETH,Female,2015,4.8,,,,,,,,,,,,,,,,,
Finland,FIN,Both,2015,12.4,,,,,,,,,,,,,,,,,
Finland,FIN,Male,2015,19,,,,,,,,,,,,,,,,,
Finland,FIN,Female,2015,5.7,,,,,,,,,,,,,,,,,
Fiji,FJI,Both,2015,5.6,,,,,,,,,,,,,,,,,
Fiji,FJI,Male,2015,8.9,,,,,,,,,,,,,,,,,
Fiji,FJI,Female,2015,2.5,,,,,,,,,,,,,,,,,
France,FRA,Both,2015,12.5,,,,,,,,,,,,,,,,,
France,FRA,Male,2015,18.5,,,,,,,,,,,,,,,,,
France,FRA,Female,2015,6.7,,,,,,,,,,,,,,,,,
FS Micronesia,FSM,Both,2015,11.6,,,,,,,,,,,,,,,,,
FS Micronesia,FSM,Male,2015,16.7,,,,,,,,,,,,,,,,,
FS Micronesia,FSM,Female,2015,6.4,,,,,,,,,,,,,,,,,
Gabon,GAB,Both,2015,9.9,,,,,,,,,,,,,,,,,
Gabon,GAB,Male,2015,15.5,,,,,,,,,,,,,,,,,
Gabon,GAB,Female,2015,4.4,,,,,,,,,,,,,,,,,
United Kingdom,GBR,Both,2015,7.6,,,,,,,,,,,,,,,,,
United Kingdom,GBR,Male,2015,11.6,,,,,,,,,,,,,,,,,
United Kingdom,GBR,Female,2015,3.7,,,,,,,,,,,,,,,,,
Georgia,GEO,Both,2015,6.7,,,,,,,,,,,,,,,,,
Georgia,GEO,Male,2015,12.2,,,,,,,,,,,,,,,,,
Georgia,GEO,Female,2015,1.9,,,,,,,,,,,,,,,,,
Ghana,GHA,Both,2015,8.6,,,,,,,,,,,,,,,,,
Ghana,GHA,Male,2015,15.6,,,,,,,,,,,,,,,,,
Ghana,GHA,Female,2015,2.9,,,,,,,,,,,,,,,,,
Guinea,GIN,Both,2015,10.7,,,,,,,,,,,,,,,,,
Guinea,GIN,Male,2015,12.9,,,,,,,,,,,,,,,,,
Guinea,GIN,Female,2015,8.7,,,,,,,,,,,,,,,,,
The Gambia,GMB,Both,2015,10.1,,,,,,,,,,,,,,,,,
The Gambia,GMB,Male,2015,12.9,,,,,,,,,,,,,,,,,
The Gambia,GMB,Female,2015,7.4,,,,,,,,,,,,,,,,,
Guinea-Bissau,GNB,Both,2015,7.3,,,,,,,,,,,,,,,,,
Guinea-Bissau,GNB,Male,2015,8.8,,,,,,,,,,,,,,,,,
Guinea-Bissau,GNB,Female,2015,6,,,,,,,,,,,,,,,,,
Equatorial Guinea,GNQ,Both,2015,22,,,,,,,,,,,,,,,,,
Equatorial Guinea,GNQ,Male,2015,31.5,,,,,,,,,,,,,,,,,
Equatorial Guinea,GNQ,Female,2015,10.7,,,,,,,,,,,,,,,,,
Greece,GRC,Both,2015,3.6,,,,,,,,,,,,,,,,,
Greece,GRC,Male,2015,5.8,,,,,,,,,,,,,,,,,
Greece,GRC,Female,2015,1.5,,,,,,,,,,,,,,,,,
Grenada,GRD,Both,2015,1.1,,,,,,,,,,,,,,,,,
Grenada,GRD,Male,2015,1.5,,,,,,,,,,,,,,,,,
Grenada,GRD,Female,2015,0.6,,,,,,,,,,,,,,,,,
Guatemala,GTM,Both,2015,3.4,,,,,,,,,,,,,,,,,
Guatemala,GTM,Male,2015,5,,,,,,,,,,,,,,,,,
Guatemala,GTM,Female,2015,1.9,,,,,,,,,,,,,,,,,
Guyana,GUY,Both,2015,30.3,,,,,,,,,,,,,,,,,
Guyana,GUY,Male,2015,46.6,,,,,,,,,,,,,,,,,
Guyana,GUY,Female,2015,14.3,,,,,,,,,,,,,,,,,
Honduras,HND,Both,2015,3.3,,,,,,,,,,,,,,,,,
Honduras,HND,Male,2015,5.1,,,,,,,,,,,,,,,,,
Honduras,HND,Female,2015,1.6,,,,,,,,,,,,,,,,,
Croatia,HRV,Both,2015,12.3,,,,,,,,,,,,,,,,,
Croatia,HRV,Male,2015,19.7,,,,,,,,,,,,,,,,,
Croatia,HRV,Female,2015,5.9,,,,,,,,,,,,,,,,,
Haiti,HTI,Both,2015,12.2,,,,,,,,,,,,,,,,,
Haiti,HTI,Male,2015,18.5,,,,,,,,,,,,,,,,,
Haiti,HTI,Female,2015,6.4,,,,,,,,,,,,,,,,,
Hungary,HUN,Both,2015,14.7,,,,,,,,,,,,,,,,,
Hungary,HUN,Male,2015,24.3,,,,,,,,,,,,,,,,,
Hungary,HUN,Female,2015,6.6,,,,,,,,,,,,,,,,,
Indonesia,IDN,Both,2015,3.7,,,,,,,,,,,,,,,,,
Indonesia,IDN,Male,2015,5.3,,,,,,,,,,,,,,,,,
Indonesia,IDN,Female,2015,2.2,,,,,,,,,,,,,,,,,
India,IND,Both,2015,16.7,,,,,,,,,,,,,,,,,
India,IND,Male,2015,18.8,,,,,,,,,,,,,,,,,
India,IND,Female,2015,14.7,,,,,,,,,,,,,,,,,
Ireland,IRL,Both,2015,10.8,,,,,,,,,,,,,,,,,
Ireland,IRL,Male,2015,17.6,,,,,,,,,,,,,,,,,
Ireland,IRL,Female,2015,4.2,,,,,,,,,,,,,,,,,
Iran,IRN,Both,2015,4,,,,,,,,,,,,,,,,,
Iran,IRN,Male,2015,4.9,,,,,,,,,,,,,,,,,
Iran,IRN,Female,2015,3,,,,,,,,,,,,,,,,,
Iraq,IRQ,Both,2015,4.1,,,,,,,,,,,,,,,,,
Iraq,IRQ,Male,2015,4.9,,,,,,,,,,,,,,,,,
Iraq,IRQ,Female,2015,3.4,,,,,,,,,,,,,,,,,
Iceland,ISL,Both,2015,12.9,,,,,,,,,,,,,,,,,
Iceland,ISL,Male,2015,20.9,,,,,,,,,,,,,,,,,
Iceland,ISL,Female,2015,4.8,,,,,,,,,,,,,,,,,
Israel,ISR,Both,2015,4.8,,,,,,,,,,,,,,,,,
Israel,ISR,Male,2015,7.7,,,,,,,,,,,,,,,,,
Israel,ISR,Female,2015,2.1,,,,,,,,,,,,,,,,,
Italy,ITA,Both,2015,5.3,,0.595,3.581,1.408,3.091,5.978,23.492,2.591,3.798,3.5,Yes,1978,Yes,2013,33.611,,8.957
Italy,ITA,Male,2015,8.2,,0.595,3.581,1.408,3.091,5.978,23.492,2.591,3.798,3.5,Yes,1978,Yes,2013,33.611,,8.957
Italy,ITA,Female,2015,2.5,,0.595,3.581,1.408,3.091,5.978,23.492,2.591,3.798,3.5,Yes,1978,Yes,2013,33.611,,8.957
Jamaica,JAM,Both,2015,2,0.035,0.07,6.093,0.174,2.994,1.149,10.272,0.453,0.383,5,Yes,1999,Yes,2015,,27.856,1.671
Jamaica,JAM,Male,2015,3.2,0.035,0.07,6.093,0.174,2.994,1.149,10.272,0.453,0.383,5,Yes,1999,Yes,2015,,27.856,1.671
Jamaica,JAM,Female,2015,0.9,0.035,0.07,6.093,0.174,2.994,1.149,10.272,0.453,0.383,5,Yes,1999,Yes,2015,,27.856,1.671
Jordan,JOR,Both,2015,3.7,,,,,,,,,,,,,,,,,
Jordan,JOR,Male,2015,4.7,,,,,,,,,,,,,,,,,
Jordan,JOR,Female,2015,2.7,,,,,,,,,,,,,,,,,
Japan,JPN,Both,2015,15.1,,,,,,,,,,,,,,,,,
Japan,JPN,Male,2015,21.6,,,,,,,,,,,,,,,,,
Japan,JPN,Female,2015,8.6,,,,,,,,,,,,,,,,,
Kazakhstan,KAZ,Both,2015,25.2,,,,,,,,,,,,,,,,,
Kazakhstan,KAZ,Male,2015,44.2,,,,,,,,,,,,,,,,,
Kazakhstan,KAZ,Female,2015,8.5,,,,,,,,,,,,,,,,,
Kenya,KEN,Both,2015,5.5,,,,,,,,,,,,,,,,,
Kenya,KEN,Male,2015,9.4,,,,,,,,,,,,,,,,,
Kenya,KEN,Female,2015,2.1,,,,,,,,,,,,,,,,,
Kyrgyzstan,KGZ,Both,2015,8.8,,,,,,,,,,,,,,,,,
Kyrgyzstan,KGZ,Male,2015,14.5,,,,,,,,,,,,,,,,,
Kyrgyzstan,KGZ,Female,2015,3.5,,,,,,,,,,,,,,,,,
Cambodia,KHM,Both,2015,5.9,,,,,,,,,,,,,,,,,
Cambodia,KHM,Male,2015,9,,,,,,,,,,,,,,,,,
Cambodia,KHM,Female,2015,3.2,,,,,,,,,,,,,,,,,
Kiribati,KIR,Both,2015,15.3,0.89,,0.89,,,,2.669,0.89,,2,Yes,1977,Yes,2016,,35.585,
Kiribati,KIR,Male,2015,26,0.89,,0.89,,,,2.669,0.89,,2,Yes,1977,Yes,2016,,35.585,
Kiribati,KIR,Female,2015,5.5,0.89,,0.89,,,,2.669,0.89,,2,Yes,1977,Yes,2016,,35.585,
South Korea,KOR,Both,2015,21.4,,,,,,,,,,,,,,,,,
South Korea,KOR,Male,2015,31.4,,,,,,,,,,,,,,,,,
South Korea,KOR,Female,2015,12.5,,,,,,,,,,,,,,,,,
Kuwait,KWT,Both,2015,2.2,,,,,,,,,,,,,,,,,
Kuwait,KWT,Male,2015,2.5,,,,,,,,,,,,,,,,,
Kuwait,KWT,Female,2015,1.7,,,,,,,,,,,,,,,,,
Laos,LAO,Both,2015,9.3,,,,,,,,,,,,,,,,,
Laos,LAO,Male,2015,12.8,,,,,,,,,,,,,,,,,
Laos,LAO,Female,2015,6.1,,,,,,,,,,,,,,,,,
Lebanon,LBN,Both,2015,3.3,0.085,0.137,0.718,0.085,0.12,1.213,3.145,1.333,3.298,5,Yes,1983,Yes,2015,1.624,27.514,1.453
Lebanon,LBN,Male,2015,4.2,0.085,0.137,0.718,0.085,0.12,1.213,3.145,1.333,3.298,5,Yes,1983,Yes,2015,1.624,27.514,1.453
Lebanon,LBN,Female,2015,2.3,0.085,0.137,0.718,0.085,0.12,1.213,3.145,1.333,3.298,5,Yes,1983,Yes,2015,1.624,27.514,1.453
Liberia,LBR,Both,2015,12.9,,,,,,,,,,,,,,,,,
Liberia,LBR,Male,2015,13.2,,,,,,,,,,,,,,,,,
Liberia,LBR,Female,2015,12.6,,,,,,,,,,,,,,,,,
Libya,LBY,Both,2015,4.6,,,,,,,,,,,,,,,,,
Libya,LBY,Male,2015,7.1,,,,,,,,,,,,,,,,,
Libya,LBY,Female,2015,2.1,,,,,,,,,,,,,,,,,
Saint Lucia,LCA,Both,2015,7.3,,,,,,,,,,,,,,,,,
Saint Lucia,LCA,Male,2015,12.9,,,,,,,,,,,,,,,,,
Saint Lucia,LCA,Female,2015,2.1,,,,,,,,,,,,,,,,,
Sri Lanka,LKA,Both,2015,14.5,,,,,,,,,,,,,,,,,
Sri Lanka,LKA,Male,2015,24,,,,,,,,,,,,,,,,,
Sri Lanka,LKA,Female,2015,6.1,,,,,,,,,,,,,,,,,
Lesotho,LSO,Both,2015,28.5,,,,,,,,,,,,,,,,,
Lesotho,LSO,Male,2015,22.5,,,,,,,,,,,,,,,,,
Lesotho,LSO,Female,2015,32.1,,,,,,,,,,,,,,,,,
Lithuania,LTU,Both,2015,28.8,,,,,,,,,,,,,,,,,
Lithuania,LTU,Male,2015,51.5,,,,,,,,,,,,,,,,,
Lithuania,LTU,Female,2015,8.9,,,,,,,,,,,,,,,,,
Luxembourg,LUX,Both,2015,11.6,0.176,0.706,3.176,1.059,0.529,17.821,,,,,Yes,,No,,42.347,39.701,32.29
Luxembourg,LUX,Male,2015,17.4,0.176,0.706,3.176,1.059,0.529,17.821,,,,,Yes,,No,,42.347,39.701,32.29
Luxembourg,LUX,Female,2015,5.7,0.176,0.706,3.176,1.059,0.529,17.821,,,,,Yes,,No,,42.347,39.701,32.29
Latvia,LVA,Both,2015,17.3,0.301,0.151,20.475,56.758,,9.987,22.834,,,5.3,No,,No,,,102.526,
Latvia,LVA,Male,2015,30.9,0.301,0.151,20.475,56.758,,9.987,22.834,,,5.3,No,,No,,,102.526,
Latvia,LVA,Female,2015,5.3,0.301,0.151,20.475,56.758,,9.987,22.834,,,5.3,No,,No,,,102.526,
Morocco,MAR,Both,2015,3.1,,,,,,,,,,,,,,,,,
Morocco,MAR,Male,2015,2.5,,,,,,,,,,,,,,,,,
Morocco,MAR,Female,2015,3.7,,,,,,,,,,,,,,,,,
Moldova,MDA,Both,2015,14,0.074,0.074,1.058,,0.098,4.55,14.83,0.492,0.91,2.2,Yes,2009,Yes,2017,,35.539,0.861
Moldova,MDA,Male,2015,24.9,0.074,0.074,1.058,,0.098,4.55,14.83,0.492,0.91,2.2,Yes,2009,Yes,2017,,35.539,0.861
Moldova,MDA,Female,2015,4.5,0.074,0.074,1.058,,0.098,4.55,14.83,0.492,0.91,2.2,Yes,2009,Yes,2017,,35.539,0.861
Madagascar,MDG,Both,2015,7,,,,,,,,,,,,,,,,,
Madagascar,MDG,Male,2015,10.6,,,,,,,,,,,,,,,,,
Madagascar,MDG,Female,2015,3.7,,,,,,,,,,,,,,,,,
Maldives,MDV,Both,2015,3,,,,,,,,,,,,,,,,,
Maldives,MDV,Male,2015,4,,,,,,,,,,,,,,,,,
Maldives,MDV,Female,2015,1.8,,,,,,,,,,,,,,,,,
Mexico,MEX,Both,2015,5.6,,,,,,,,,,,,,,,,,
Mexico,MEX,Male,2015,9,,,,,,,,,,,,,,,,,
Mexico,MEX,Female,2015,2.4,,,,,,,,,,,,,,,,,
North Macedonia,MKD,Both,2015,6.2,,,,,,,,,,,,,,,,,
North Macedonia,MKD,Male,2015,9.7,,,,,,,,,,,,,,,,,
North Macedonia,MKD,Female,2015,3,,,,,,,,,,,,,,,,,
Mali,MLI,Both,2015,8.9,,,,,,,,,,,,,,,,,
Mali,MLI,Male,2015,13.5,,,,,,,,,,,,,,,,,
Mali,MLI,Female,2015,4.8,,,,,,,,,,,,,,,,,
Malta,MLT,Both,2015,7,,,,,,,,,,,,,,,,,
Malta,MLT,Male,2015,10.8,,,,,,,,,,,,,,,,,
Malta,MLT,Female,2015,3.2,,,,,,,,,,,,,,,,,
Myanmar,MMR,Both,2015,8,,,,,,,,,,,,,,,,,
Myanmar,MMR,Male,2015,6.3,,,,,,,,,,,,,,,,,
Myanmar,MMR,Female,2015,9.6,,,,,,,,,,,,,,,,,
Montenegro,MNE,Both,2015,7.7,,,,,,,,,,,,,,,,,
Montenegro,MNE,Male,2015,12.3,,,,,,,,,,,,,,,,,
Montenegro,MNE,Female,2015,3.5,,,,,,,,,,,,,,,,,
Mongolia,MNG,Both,2015,13.4,,,,,,,,,,,,,,,,,
Mongolia,MNG,Male,2015,23.4,,,,,,,,,,,,,,,,,
Mongolia,MNG,Female,2015,3.9,,,,,,,,,,,,,,,,,
Mozambique,MOZ,Both,2015,8.5,,,,,,,,,,,,,,,,,
Mozambique,MOZ,Male,2015,14,,,,,,,,,,,,,,,,,
Mozambique,MOZ,Female,2015,4.2,,,,,,,,,,,,,,,,,
Mauritania,MRT,Both,2015,7.4,,,,,,,,,,,,,,,,,
Mauritania,MRT,Male,2015,11.9,,,,,,,,,,,,,,,,,
Mauritania,MRT,Female,2015,3.5,,,,,,,,,,,,,,,,,
Mauritius,MUS,Both,2015,8.1,,,,,,,,,,,,,,,,,
Mauritius,MUS,Male,2015,12.1,,,,,,,,,,,,,,,,,
Mauritius,MUS,Female,2015,4.3,,,,,,,,,,,,,,,,,
Malawi,MWI,Both,2015,7.6,,,,,,,,,,,,,,,,,
Malawi,MWI,Male,2015,13.3,,,,,,,,,,,,,,,,,
Malawi,MWI,Female,2015,3.2,,,,,,,,,,,,,,,,,
Malaysia,MYS,Both,2015,6.1,,,,,,,,,,,,,,,,,
Malaysia,MYS,Male,2015,8.7,,,,,,,,,,,,,,,,,
Malaysia,MYS,Female,2015,3.6,,,,,,,,,,,,,,,,,
Namibia,NAM,Both,2015,11.8,,,,,,,,,,,,,,,,,
Namibia,NAM,Male,2015,19.8,,,,,,,,,,,,,,,,,
Namibia,NAM,Female,2015,5.1,,,,,,,,,,,,,,,,,
Niger,NER,Both,2015,9.1,,,,,,,,,,,,,,,,,
Niger,NER,Male,2015,11.6,,,,,,,,,,,,,,,,,
Niger,NER,Female,2015,6.7,,,,,,,,,,,,,,,,,
Nigeria,NGA,Both,2015,17.5,,,,,,,,,,,,,,,,,
Nigeria,NGA,Male,2015,17.2,,,,,,,,,,,,,,,,,
Nigeria,NGA,Female,2015,17.6,,,,,,,,,,,,,,,,,
Nicaragua,NIC,Both,2015,11.9,,,,,,,,,,,,,,,,,
Nicaragua,NIC,Male,2015,19.3,,,,,,,,,,,,,,,,,
Nicaragua,NIC,Female,2015,5.1,,,,,,,,,,,,,,,,,
Netherlands,NLD,Both,2015,9.7,0.201,,,,,20.87,,,123.464,7.1,Yes,2015,Yes,2015,,,
Netherlands,NLD,Male,2015,12.9,0.201,,,,,20.87,,,123.464,7.1,Yes,2015,Yes,2015,,,
Netherlands,NLD,Female,2015,6.4,0.201,,,,,20.87,,,123.464,7.1,Yes,2015,Yes,2015,,,
Norway,NOR,Both,2015,10.2,,,,,,,,,,,,,,,,,
Norway,NOR,Male,2015,13.3,,,,,,,,,,,,,,,,,
Norway,NOR,Female,2015,7,,,,,,,,,,,,,,,,,
Nepal,NPL,Both,2015,10.1,,,,,,,,,,,,,,,,,
Nepal,NPL,Male,2015,11.9,,,,,,,,,,,,,,,,,
Nepal,NPL,Female,2015,8.5,,,,,,,,,,,,,,,,,
New Zealand,NZL,Both,2015,11.6,,,,,,,,,,,,,,,,,
New Zealand,NZL,Male,2015,17.3,,,,,,,,,,,,,,,,,
New Zealand,NZL,Female,2015,6.2,,,,,,,,,,,,,,,,,
Oman,OMN,Both,2015,3.6,,,,,,1.738,3,,0.786,,No,,Yes,2016,,,
Oman,OMN,Male,2015,5,,,,,,1.738,3,,0.786,,No,,Yes,2016,,,
Oman,OMN,Female,2015,1,,,,,,1.738,3,,0.786,,No,,Yes,2016,,,
Pakistan,PAK,Both,2015,3.1,,,,,,,,,,,,,,,,,
Pakistan,PAK,Male,2015,3.1,,,,,,,,,,,,,,,,,
Pakistan,PAK,Female,2015,3.2,,,,,,,,,,,,,,,,,
Panama,PAN,Both,2015,4,,,,,,,,,,,,,,,,,
Panama,PAN,Male,2015,6.7,,,,,,,,,,,,,,,,,
Panama,PAN,Female,2015,1.4,,,,,,,,,,,,,,,,,
Peru,PER,Both,2015,5.1,,,,,,,,,,,,,,,,,
Peru,PER,Male,2015,7.6,,,,,,,,,,,,,,,,,
Peru,PER,Female,2015,2.7,,,,,,,,,,,,,,,,,
Philippines,PHL,Both,2015,3.8,,,,,,,,,,,,,,,,,
Philippines,PHL,Male,2015,5.4,,,,,,,,,,,,,,,,,
Philippines,PHL,Female,2015,2.3,,,,,,,,,,,,,,,,,
Papua New Guinea,PNG,Both,2015,7,,,,,,,,,,,,,,,,,
Papua New Guinea,PNG,Male,2015,10.1,,,,,,,,,,,,,,,,,
Papua New Guinea,PNG,Female,2015,3.8,,,,,,,,,,,,,,,,,
Poland,POL,Both,2015,13.1,,,,,,,,,,,,,,,,,
Poland,POL,Male,2015,23.5,,,,,,,,,,,,,,,,,
Poland,POL,Female,2015,3.3,,,,,,,,,,,,,,,,,
North Korea,PRK,Both,2015,10.8,,,,,,,,,,,,,,,,,
North Korea,PRK,Male,2015,15.2,,,,,,,,,,,,,,,,,
North Korea,PRK,Female,2015,8.2,,,,,,,,,,,,,,,,,
Portugal,PRT,Both,2015,8.6,,,,,,,,,,,,,,,,,
Portugal,PRT,Male,2015,14.3,,,,,,,,,,,,,,,,,
Portugal,PRT,Female,2015,3.8,,,,,,,,,,,,,,,,,
Paraguay,PRY,Both,2015,9.6,,,,,,,,,,,,,,,,,
Paraguay,PRY,Male,2015,12.9,,,,,,,,,,,,,,,,,
Paraguay,PRY,Female,2015,6.3,,,,,,,,,,,,,,,,,
Qatar,QAT,Both,2015,5.7,,,,,,,,,,,,,,,,,
Qatar,QAT,Male,2015,7.1,,,,,,,,,,,,,,,,,
Qatar,QAT,Female,2015,1.1,,,,,,,,,,,,,,,,,
Romania,ROU,Both,2015,9.1,,,,,,,,,,,,,,,,,
Romania,ROU,Male,2015,16.2,,,,,,,,,,,,,,,,,
Romania,ROU,Female,2015,2.5,,,,,,,,,,,,,,,,,
Russia,RUS,Both,2015,27.5,0.136,,2.332,0.196,,8.479,,2.404,4.638,,Yes,2016,Yes,2016,,93.029,
Russia,RUS,Male,2015,49.9,0.136,,2.332,0.196,,8.479,,2.404,4.638,,Yes,2016,Yes,2016,,93.029,
Russia,RUS,Female,2015,7.9,0.136,,2.332,0.196,,8.479,,2.404,4.638,,Yes,2016,Yes,2016,,93.029,
Rwanda,RWA,Both,2015,11.2,,,,,,,,,,,,,,,,,
Rwanda,RWA,Male,2015,17.2,,,,,,,,,,,,,,,,,
Rwanda,RWA,Female,2015,6.2,,,,,,,,,,,,,,,,,
Saudi Arabia,SAU,Both,2015,3.4,,,,,,,,,,,,,,,,,
Saudi Arabia,SAU,Male,2015,4.6,,,,,,,,,,,,,,,,,
Saudi Arabia,SAU,Female,2015,1.7,,,,,,,,,,,,,,,,,
Sudan,SDN,Both,2015,9.5,,,,,,0.08,,0.551,,,Yes,2016,Yes,2012,,0.812,
Sudan,SDN,Male,2015,14.5,,,,,,0.08,,0.551,,,Yes,2016,Yes,2012,,0.812,
Sudan,SDN,Female,2015,4.5,,,,,,0.08,,0.551,,,Yes,2016,Yes,2012,,0.812,
Senegal,SEN,Both,2015,12.1,,,,,,,,,,,,,,,,,
Senegal,SEN,Male,2015,20.8,,,,,,,,,,,,,,,,,
Senegal,SEN,Female,2015,5.4,,,,,,,,,,,,,,,,,
Singapore,SGP,Both,2015,7.6,,,,,,,,,,,,,,,,,
Singapore,SGP,Male,2015,10.2,,,,,,,,,,,,,,,,,
Singapore,SGP,Female,2015,5.2,,,,,,,,,,,,,,,,,
Solomon Islands,SLB,Both,2015,6.1,,,,,,,,,,,,,,,,,
Solomon Islands,SLB,Male,2015,8.8,,,,,,,,,,,,,,,,,
Solomon Islands,SLB,Female,2015,3.4,,,,,,,,,,,,,,,,,
Sierra Leone,SLE,Both,2015,15.7,,,,,,,,,,,,,,,,,
Sierra Leone,SLE,Male,2015,17.4,,,,,,,,,,,,,,,,,
Sierra Leone,SLE,Female,2015,13.9,,,,,,,,,,,,,,,,,
El Salvador,SLV,Both,2015,13.9,,,,,,,,,,,,,,,,,
El Salvador,SLV,Male,2015,25.3,,,,,,,,,,,,,,,,,
El Salvador,SLV,Female,2015,4.4,,,,,,,,,,,,,,,,,
Somalia,SOM,Both,2015,8.3,,,,,,,,,,,,,,,,,
Somalia,SOM,Male,2015,11.4,,,,,,,,,,,,,,,,,
Somalia,SOM,Female,2015,5.4,,,,,,,,,,,,,,,,,
Serbia,SRB,Both,2015,10.6,,,,,,,,,,,,,,,,,
Serbia,SRB,Male,2015,16.8,,,,,,,,,,,,,,,,,
Serbia,SRB,Female,2015,5.2,,,,,,,,,,,,,,,,,
South Sudan,SSD,Both,2015,6,,,,,,,,,,,,,,,,,
South Sudan,SSD,Male,2015,8.2,,,,,,,,,,,,,,,,,
South Sudan,SSD,Female,2015,4,,,,,,,,,,,,,,,,,
Sao Tome and Principe,STP,Both,2015,3.1,,,,,,,,,,,,,,,,,
Sao Tome and Principe,STP,Male,2015,4.2,,,,,,,,,,,,,,,,,
Sao Tome and Principe,STP,Female,2015,2.1,,,,,,,,,,,,,,,,,
Suriname,SUR,Both,2015,24.4,,,,,,,,,,,,,,,,,
Suriname,SUR,Male,2015,38,,,,,,,,,,,,,,,,,
Suriname,SUR,Female,2015,11.4,,,,,,,,,,,,,,,,,
Slovakia,SVK,Both,2015,10.1,,,,,,,,,,,,,,,,,
Slovakia,SVK,Male,2015,18.4,,,,,,,,,,,,,,,,,
Slovakia,SVK,Female,2015,2.6,,,,,,,,,,,,,,,,,
Slovenia,SVN,Both,2015,14.8,,,,,,,,,,,,,,,,,
Slovenia,SVN,Male,2015,24.3,,,,,,,,,,,,,,,,,
Slovenia,SVN,Female,2015,5.8,,,,,,,,,,,,,,,,,
Sweden,SWE,Both,2015,12.3,,,,,,,,,,,,,,,,,
Sweden,SWE,Male,2015,16.9,,,,,,,,,,,,,,,,,
Sweden,SWE,Female,2015,7.7,,,,,,,,,,,,,,,,,
Eswatini,SWZ,Both,2015,16.5,,,,,,,,,,,,,,,,,
Eswatini,SWZ,Male,2015,25.1,,,,,,,,,,,,,,,,,
Eswatini,SWZ,Female,2015,9.4,,,,,,,,,,,,,,,,,
Seychelles,SYC,Both,2015,8.5,,,,,,,,,,,,,,,,,
Seychelles,SYC,Male,2015,15.1,,,,,,,,,,,,,,,,,
Seychelles,SYC,Female,2015,2.1,,,,,,,,,,,,,,,,,
Syria,SYR,Both,2015,2.4,,,,,,,,,,,,,,,,,
Syria,SYR,Male,2015,3.8,,,,,,,,,,,,,,,,,
Syria,SYR,Female,2015,1.1,,,,,,,,,,,,,,,,,
Chad,TCD,Both,2015,15.7,,,,,,,,,,,,,,,,,
Chad,TCD,Male,2015,17.1,,,,,,,,,,,,,,,,,
Chad,TCD,Female,2015,14.2,,,,,,,,,,,,,,,,,
Togo,TGO,Both,2015,16.3,,,,,,,,,,,,,,,,,
Togo,TGO,Male,2015,22.3,,,,,,,,,,,,,,,,,
Togo,TGO,Female,2015,10.7,,,,,,,,,,,,,,,,,
Thailand,THA,Both,2015,13.1,,,,,,,,,,,,,,,,,
Thailand,THA,Male,2015,21.7,,,,,,,,,,,,,,,,,
Thailand,THA,Female,2015,4.9,,,,,,,,,,,,,,,,,
Tajikistan,TJK,Both,2015,3.4,,,,,,,,,,,,,,,,,
Tajikistan,TJK,Male,2015,5,,,,,,,,,,,,,,,,,
Tajikistan,TJK,Female,2015,1.8,,,,,,,,,,,,,,,,,
Turkmenistan,TKM,Both,2015,7.5,,,,,,,,,,,,,,,,,
Turkmenistan,TKM,Male,2015,11.6,,,,,,,,,,,,,,,,,
Turkmenistan,TKM,Female,2015,3.8,,,,,,,,,,,,,,,,,
Timor-Leste,TLS,Both,2015,6.4,,,,,,,,,,,,,,,,,
Timor-Leste,TLS,Male,2015,9,,,,,,,,,,,,,,,,,
Timor-Leste,TLS,Female,2015,3.8,,,,,,,,,,,,,,,,,
Tonga,TON,Both,2015,4,,,,,,,,,,,,,,,,,
Tonga,TON,Male,2015,5.2,,,,,,,,,,,,,,,,,
Tonga,TON,Female,2015,2.9,,,,,,,,,,,,,,,,,
Trinidad and Tobago,TTO,Both,2015,12.8,,,,,,,,,,,,,,,,,
Trinidad and Tobago,TTO,Male,2015,21.7,,,,,,,,,,,,,,,,,
Trinidad and Tobago,TTO,Female,2015,4.4,,,,,,,,,,,,,,,,,
Tunisia,TUN,Both,2015,3.3,,,,,,,,,,,,,,,,,
Tunisia,TUN,Male,2015,4.4,,,,,,,,,,,,,,,,,
Tunisia,TUN,Female,2015,2.2,,,,,,,,,,,,,,,,,
Turkey,TUR,Both,2015,7.2,,,,,,,,,,,,,,,,,
Turkey,TUR,Male,2015,11.3,,,,,,,,,,,,,,,,,
Turkey,TUR,Female,2015,3.3,,,,,,,,,,,,,,,,,
Tanzania,TZA,Both,2015,9.5,0.004,0.009,0.067,,0.007,0.056,0.362,0.065,0.009,4,Yes,2008,Yes,2016,0.121,1.578,0.408
Tanzania,TZA,Male,2015,14.2,0.004,0.009,0.067,,0.007,0.056,0.362,0.065,0.009,4,Yes,2008,Yes,2016,0.121,1.578,0.408
Tanzania,TZA,Female,2015,5.3,0.004,0.009,0.067,,0.007,0.056,0.362,0.065,0.009,4,Yes,2008,Yes,2016,0.121,1.578,0.408
Uganda,UGA,Both,2015,20.2,,,,,,,,,,,,,,,,,
Uganda,UGA,Male,2015,21.1,,,,,,,,,,,,,,,,,
Uganda,UGA,Female,2015,19.2,,,,,,,,,,,,,,,,,
Ukraine,UKR,Both,2015,19,,,,,,,,,,,,,,,,,
Ukraine,UKR,Male,2015,35.2,,,,,,,,,,,,,,,,,
Ukraine,UKR,Female,2015,5.1,,,,,,,,,,,,,,,,,
Uruguay,URY,Both,2015,17.4,,,,,,,,,,,,,,,,,
Uruguay,URY,Male,2015,28.9,,,,,,,,,,,,,,,,,
Uruguay,URY,Female,2015,7,,,,,,,,,,,,,,,,,
United States,USA,Both,2015,13.3,,,,,,,,,,,,,,,,,
United States,USA,Male,2015,20.5,,,,,,,,,,,,,,,,,
United States,USA,Female,2015,6.3,,,,,,,,,,,,,,,,,
Uzbekistan,UZB,Both,2015,7.4,,,,,,,,,,,,,,,,,
Uzbekistan,UZB,Male,2015,10.4,,,,,,,,,,,,,,,,,
Uzbekistan,UZB,Female,2015,4.5,,,,,,,,,,,,,,,,,
SVG,VCT,Both,2015,2.7,,,,,,,,,,,,,,,,,
SVG,VCT,Male,2015,4.3,,,,,,,,,,,,,,,,,
SVG,VCT,Female,2015,1.1,,,,,,,,,,,,,,,,,
Venezuela,VEN,Both,2015,3.9,,,,,,,,,,,,,,,,,
Venezuela,VEN,Male,2015,6.8,,,,,,,,,,,,,,,,,
Venezuela,VEN,Female,2015,1.2,,,,,,,,,,,,,,,,,
Viet Nam,VNM,Both,2015,7,,,,,,,,,,,,,,,,,
Viet Nam,VNM,Male,2015,10.9,,,,,,,,,,,,,,,,,
Viet Nam,VNM,Female,2015,3.5,,,,,,,,,,,,,,,,,
Vanuatu,VUT,Both,2015,5.5,,,,,,,,,,,,,,,,,
Vanuatu,VUT,Male,2015,8.3,,,,,,,,,,,,,,,,,
Vanuatu,VUT,Female,2015,2.7,,,,,,,,,,,,,,,,,
Samoa,WSM,Both,2015,5.5,,,,,,,,,,,,,,,,,
Samoa,WSM,Male,2015,8.9,,,,,,,,,,,,,,,,,
Samoa,WSM,Female,2015,2.2,,,,,,,,,,,,,,,,,
Yemen,YEM,Both,2015,9.9,,,,,,,,,,,,,,,,,
Yemen,YEM,Male,2015,13.6,,,,,,,,,,,,,,,,,
Yemen,YEM,Female,2015,6.3,,,,,,,,,,,,,,,,,
South Africa,ZAF,Both,2015,13.1,,,,,,,,,,,,,,,,,
South Africa,ZAF,Male,2015,22.1,,,,,,,,,,,,,,,,,
South Africa,ZAF,Female,2015,5.3,,,,,,,,,,,,,,,,,
Zambia,ZMB,Both,2015,11.2,,,,,,,,,,,,,,,,,
Zambia,ZMB,Male,2015,17.4,,,,,,,,,,,,,,,,,
Zambia,ZMB,Female,2015,6.1,,,,,,,,,,,,,,,,,
Zimbabwe,ZWE,Both,2015,18.9,,,,,,,,,,,,,,,,,
Zimbabwe,ZWE,Male,2015,28.7,,,,,,,,,,,,,,,,,
Zimbabwe,ZWE,Female,2015,11.1,,,,,,,,,,,,,,,,,
Afghanistan,AFG,Both,2016,6.4,0.003,0.012,0.006,,,0.231,0.098,,0.296,,Yes,1987,Yes,2016,,0.296,0.296
Afghanistan,AFG,Male,2016,10.6,0.003,0.012,0.006,,,0.231,0.098,,0.296,,Yes,1987,Yes,2016,,0.296,0.296
Afghanistan,AFG,Female,2016,2.1,0.003,0.012,0.006,,,0.231,0.098,,0.296,,Yes,1987,Yes,2016,,0.296,0.296
Angola,AGO,Both,2016,8.9,0.011,,,,0.014,0.057,0.66,0.022,0.179,,No,,No,,0.337,0.585,0.187
Angola,AGO,Male,2016,14,0.011,,,,0.014,0.057,0.66,0.022,0.179,,No,,No,,0.337,0.585,0.187
Angola,AGO,Female,2016,4.6,0.011,,,,0.014,0.057,0.66,0.022,0.179,,No,,No,,0.337,0.585,0.187
Albania,ALB,Both,2016,5.6,0.068,0.068,0.41,,0.445,1.471,6.876,1.06,1.231,,Yes,2012,Yes,2013,4.584,16.762,4.276
Albania,ALB,Male,2016,7,0.068,0.068,0.41,,0.445,1.471,6.876,1.06,1.231,,Yes,2012,Yes,2013,4.584,16.762,4.276
Albania,ALB,Female,2016,4.3,0.068,0.068,0.41,,0.445,1.471,6.876,1.06,1.231,,Yes,2012,Yes,2013,4.584,16.762,4.276
UAE,ARE,Both,2016,2.7,0.011,0.055,0.524,,0.033,1.649,4.37,0.36,0.765,,Yes,2016,Yes,2016,,0.896,2.993
UAE,ARE,Male,2016,3.5,0.011,0.055,0.524,,0.033,1.649,4.37,0.36,0.765,,Yes,2016,Yes,2016,,0.896,2.993
UAE,ARE,Female,2016,0.8,0.011,0.055,0.524,,0.033,1.649,4.37,0.36,0.765,,Yes,2016,Yes,2016,,0.896,2.993
Argentina,ARG,Both,2016,9.1,0.937,1.071,1.72,,0.152,21.705,,,222.572,,Yes,2013,Yes,2016,,40.566,2.718
Argentina,ARG,Male,2016,15,0.937,1.071,1.72,,0.152,21.705,,,222.572,,Yes,2013,Yes,2016,,40.566,2.718
Argentina,ARG,Female,2016,3.5,0.937,1.071,1.72,,0.152,21.705,,,222.572,,Yes,2013,Yes,2016,,40.566,2.718
Armenia,ARM,Both,2016,5.7,,0.069,1.371,0.034,,3.84,11.245,0.274,0.788,19.5,Yes,2004,Yes,2014,,,1.714
Armenia,ARM,Male,2016,10.1,,0.069,1.371,0.034,,3.84,11.245,0.274,0.788,19.5,Yes,2004,Yes,2014,,,1.714
Armenia,ARM,Female,2016,2,,0.069,1.371,0.034,,3.84,11.245,0.274,0.788,19.5,Yes,2004,Yes,2014,,,1.714
Antigua and Barbuda,ATG,Both,2016,0.5,1.001,,,,,1.001,7.005,4.003,,8,Yes,1957,Yes,2013,,136.105,
Antigua and Barbuda,ATG,Male,2016,0,1.001,,,,,1.001,7.005,4.003,,8,Yes,1957,Yes,2013,,136.105,
Antigua and Barbuda,ATG,Female,2016,0.9,1.001,,,,,1.001,7.005,4.003,,8,Yes,1957,Yes,2013,,136.105,
Australia,AUS,Both,2016,11.7,,,,,,,,,,,,,,,,,
Australia,AUS,Male,2016,17.4,,,,,,,,,,,,,,,,,
Australia,AUS,Female,2016,6,,,,,,,,,,,,,,,,,
Austria,AUT,Both,2016,11.4,,,,,,,,,,,,,,,,,
Austria,AUT,Male,2016,17.5,,,,,,,,,,,,,,,,,
Austria,AUT,Female,2016,5.7,,,,,,,,,,,,,,,,,
Azerbaijan,AZE,Both,2016,2.6,0.114,0.021,0.156,0.094,0.031,3.452,6.717,0.114,1.165,3.5,Yes,2011,Yes,2012,2.911,31.193,0.416
Azerbaijan,AZE,Male,2016,4.3,0.114,0.021,0.156,0.094,0.031,3.452,6.717,0.114,1.165,3.5,Yes,2011,Yes,2012,2.911,31.193,0.416
Azerbaijan,AZE,Female,2016,1,0.114,0.021,0.156,0.094,0.031,3.452,6.717,0.114,1.165,3.5,Yes,2011,Yes,2012,2.911,31.193,0.416
Burundi,BDI,Both,2016,15,,,,,,,,,,,,,,,,,
Burundi,BDI,Male,2016,23.1,,,,,,,,,,,,,,,,,
Burundi,BDI,Female,2016,7.7,,,,,,,,,,,,,,,,,
Belgium,BEL,Both,2016,15.7,,,,,,,,,,,,,,,,,
Belgium,BEL,Male,2016,22.2,,,,,,,,,,,,,,,,,
Belgium,BEL,Female,2016,9.4,,,,,,,,,,,,,,,,,
Benin,BEN,Both,2016,15.7,,,,,,,,,,,,,,,,,
Benin,BEN,Male,2016,22.6,,,,,,,,,,,,,,,,,
Benin,BEN,Female,2016,9.6,,,,,,,,,,,,,,,,,
Burkina Faso,BFA,Both,2016,14.8,,0.287,,,,0.039,0.635,0.011,0.022,,No,,Yes,2014,,0,0.668
Burkina Faso,BFA,Male,2016,22.4,,0.287,,,,0.039,0.635,0.011,0.022,,No,,Yes,2014,,0,0.668
Burkina Faso,BFA,Female,2016,9.1,,0.287,,,,0.039,0.635,0.011,0.022,,No,,Yes,2014,,0,0.668
Bangladesh,BGD,Both,2016,6.1,0.001,0.035,0.055,,0.045,0.13,0.873,,0.124,0.5,No,,No,,2.236,0.434,0.315
Bangladesh,BGD,Male,2016,5.5,0.001,0.035,0.055,,0.045,0.13,0.873,,0.124,0.5,No,,No,,2.236,0.434,0.315
Bangladesh,BGD,Female,2016,6.7,0.001,0.035,0.055,,0.045,0.13,0.873,,0.124,0.5,No,,No,,2.236,0.434,0.315
Bulgaria,BGR,Both,2016,7.9,0.167,0.307,0.307,5.935,1.783,7.203,17.736,0.78,1.867,2.7,No,,No,,13.933,33.201,13.807
Bulgaria,BGR,Male,2016,13.1,0.167,0.307,0.307,5.935,1.783,7.203,17.736,0.78,1.867,2.7,No,,No,,13.933,33.201,13.807
Bulgaria,BGR,Female,2016,3.2,0.167,0.307,0.307,5.935,1.783,7.203,17.736,0.78,1.867,2.7,No,,No,,13.933,33.201,13.807
Bahrain,BHR,Both,2016,5.7,,,,,,,,,,,,,,,,,
Bahrain,BHR,Male,2016,7.9,,,,,,,,,,,,,,,,,
Bahrain,BHR,Female,2016,2.1,,,,,,,,,,,,,,,,,
The Bahamas,BHS,Both,2016,1.6,,,,,,,,,,,,,,,,,
The Bahamas,BHS,Male,2016,2.8,,,,,,,,,,,,,,,,,
The Bahamas,BHS,Female,2016,0.5,,,,,,,,,,,,,,,,,
Bosnia and Herzegovina,BIH,Both,2016,6.4,,,,,,,,,,,,,,,,,
Bosnia and Herzegovina,BIH,Male,2016,10.6,,,,,,,,,,,,,,,,,
Bosnia and Herzegovina,BIH,Female,2016,2.5,,,,,,,,,,,,,,,,,
Belarus,BLR,Both,2016,21.4,0.2,0.063,0.116,0.285,,13.504,,,5.514,2.1,Yes,2015,Yes,2016,,57.349,3.215
Belarus,BLR,Male,2016,39.3,0.2,0.063,0.116,0.285,,13.504,,,5.514,2.1,Yes,2015,Yes,2016,,57.349,3.215
Belarus,BLR,Female,2016,6.2,0.2,0.063,0.116,0.285,,13.504,,,5.514,2.1,Yes,2015,Yes,2016,,57.349,3.215
Belize,BLZ,Both,2016,5.9,,1.948,2.227,0.278,0.278,1.392,3.34,,1.113,,No,,Yes,2015,11.69,,4.453
Belize,BLZ,Male,2016,9.9,,1.948,2.227,0.278,0.278,1.392,3.34,,1.113,,No,,Yes,2015,11.69,,4.453
Belize,BLZ,Female,2016,2,,1.948,2.227,0.278,0.278,1.392,3.34,,1.113,,No,,Yes,2015,11.69,,4.453
Bolivia,BOL,Both,2016,12.9,0.075,0.009,0.009,,,1.128,,,,,No,,Yes,2009,,,
Bolivia,BOL,Male,2016,16.9,0.075,0.009,0.009,,,1.128,,,,,No,,Yes,2009,,,
Bolivia,BOL,Female,2016,8.9,0.075,0.009,0.009,,,1.128,,,,,No,,Yes,2009,,,
Brazil,BRA,Both,2016,6.1,0.069,0.115,1.491,,0.267,3.165,34.948,6.608,12.368,1,Yes,2001,Yes,2011,1.967,9.792,0.565
Brazil,BRA,Male,2016,9.7,0.069,0.115,1.491,,0.267,3.165,34.948,6.608,12.368,1,Yes,2001,Yes,2011,1.967,9.792,0.565
Brazil,BRA,Female,2016,2.8,0.069,0.115,1.491,,0.267,3.165,34.948,6.608,12.368,1,Yes,2001,Yes,2011,1.967,9.792,0.565
Barbados,BRB,Both,2016,0.4,,,,,,,,,,,,,,,,,
Barbados,BRB,Male,2016,0.8,,,,,,,,,,,,,,,,,
Barbados,BRB,Female,2016,0.3,,,,,,,,,,,,,,,,,
Brunei,BRN,Both,2016,4.5,,0.479,2.634,0.718,0.479,1.197,15.088,0.239,5.029,,Yes,2014,No,,2.874,0,8.382
Brunei,BRN,Male,2016,6.2,,0.479,2.634,0.718,0.479,1.197,15.088,0.239,5.029,,Yes,2014,No,,2.874,0,8.382
Brunei,BRN,Female,2016,2.8,,0.479,2.634,0.718,0.479,1.197,15.088,0.239,5.029,,Yes,2014,No,,2.874,0,8.382
Bhutan,BTN,Both,2016,11.6,,0.127,3.556,,,0.508,0.127,,,0.3,No,,Yes,2015,,,1.27
Bhutan,BTN,Male,2016,13.8,,0.127,3.556,,,0.508,0.127,,,0.3,No,,Yes,2015,,,1.27
Bhutan,BTN,Female,2016,8.9,,0.127,3.556,,,0.508,0.127,,,0.3,No,,Yes,2015,,,1.27
Botswana,BWA,Both,2016,11.5,,,,,,,,,,,,,,,,,
Botswana,BWA,Male,2016,18.3,,,,,,,,,,,,,,,,,
Botswana,BWA,Female,2016,5.7,,,,,,,,,,,,,,,,,
Central African Republic,CAF,Both,2016,11.6,,,,,,,,,,,,,,,,,
Central African Republic,CAF,Male,2016,18,,,,,,,,,,,,,,,,,
Central African Republic,CAF,Female,2016,6,,,,,,,,,,,,,,,,,
Canada,CAN,Both,2016,10.4,,,,,,,,,,,,,,,,,
Canada,CAN,Male,2016,15.1,,,,,,,,,,,,,,,,,
Canada,CAN,Female,2016,5.8,,,,,,,,,,,,,,,,,
Switzerland,CHE,Both,2016,11.3,,,,,,,,,,,,,,,,,
Switzerland,CHE,Male,2016,15.8,,,,,,,,,,,,,,,,,
Switzerland,CHE,Female,2016,6.9,,,,,,,,,,,,,,,,,
Chile,CHL,Both,2016,9.7,0.023,0.175,0.839,0.315,1.171,6.97,1.88,,,2.1,No,,Yes,2001,10.055,3.125,5.241
Chile,CHL,Male,2016,16,0.023,0.175,0.839,0.315,1.171,6.97,1.88,,,2.1,No,,Yes,2001,10.055,3.125,5.241
Chile,CHL,Female,2016,3.8,0.023,0.175,0.839,0.315,1.171,6.97,1.88,,,2.1,No,,Yes,2001,10.055,3.125,5.241
China,CHN,Both,2016,8,,,,,,,,,,,,,,,,,
China,CHN,Male,2016,7.9,,,,,,,,,,,,,,,,,
China,CHN,Female,2016,8.3,,,,,,,,,,,,,,,,,
Cote d’Ivoire,CIV,Both,2016,23,0.009,0.013,0.017,0.022,,0.13,0.381,,,,No,,Yes,2008,0,,
Cote d’Ivoire,CIV,Male,2016,32,0.009,0.013,0.017,0.022,,0.13,0.381,,,,No,,Yes,2008,0,,
Cote d’Ivoire,CIV,Female,2016,13,0.009,0.013,0.017,0.022,,0.13,0.381,,,,No,,Yes,2008,0,,
Cameroon,CMR,Both,2016,19.5,,,,,,,,,,,,,,,,,
Cameroon,CMR,Male,2016,26.9,,,,,,,,,,,,,,,,,
Cameroon,CMR,Female,2016,12.5,,,,,,,,,,,,,,,,,
DR Congo,COD,Both,2016,9.7,,,,,,,,,,,,,,,,,
DR Congo,COD,Male,2016,15,,,,,,,,,,,,,,,,,
DR Congo,COD,Female,2016,4.9,,,,,,,,,,,,,,,,,
Congo,COG,Both,2016,9.3,,0.04,0.02,,,0.08,0.5,0.02,0.02,,No,,Yes,2002,,,1.001
Congo,COG,Male,2016,13.9,,0.04,0.02,,,0.08,0.5,0.02,0.02,,No,,Yes,2002,,,1.001
Congo,COG,Female,2016,5,,0.04,0.02,,,0.08,0.5,0.02,0.02,,No,,Yes,2002,,,1.001
Colombia,COL,Both,2016,7,1.988,0.222,0.292,,,1.835,0,,,,Yes,2013,Yes,2013,,,0
Colombia,COL,Male,2016,11.5,1.988,0.222,0.292,,,1.835,0,,,,Yes,2013,Yes,2013,,,0
Colombia,COL,Female,2016,2.8,1.988,0.222,0.292,,,1.835,0,,,,Yes,2013,Yes,2013,,,0
Comoros,COM,Both,2016,11.1,,,,,,,,,,,,,,,,,
Comoros,COM,Male,2016,17.6,,,,,,,,,,,,,,,,,
Comoros,COM,Female,2016,5.4,,,,,,,,,,,,,,,,,
Cabo Verde,CPV,Both,2016,15.1,,,,,,,,,,,,,,,,,
Cabo Verde,CPV,Male,2016,24.1,,,,,,,,,,,,,,,,,
Cabo Verde,CPV,Female,2016,7.7,,,,,,,,,,,,,,,,,
Costa Rica,CRI,Both,2016,7.5,0.042,0.042,1.706,0.125,0.042,3.931,5.699,76.957,142.018,2,No,,Yes,2012,1.872,16.743,0.79
Costa Rica,CRI,Male,2016,12.8,0.042,0.042,1.706,0.125,0.042,3.931,5.699,76.957,142.018,2,No,,Yes,2012,1.872,16.743,0.79
Costa Rica,CRI,Female,2016,2.3,0.042,0.042,1.706,0.125,0.042,3.931,5.699,76.957,142.018,2,No,,Yes,2012,1.872,16.743,0.79
Cuba,CUB,Both,2016,10.1,0.166,0.148,2.932,0.445,1.213,9.056,8.899,1.335,31.061,,No,,No,,,43.223,42.691
Cuba,CUB,Male,2016,16.4,0.166,0.148,2.932,0.445,1.213,9.056,8.899,1.335,31.061,,No,,No,,,43.223,42.691
Cuba,CUB,Female,2016,4.1,0.166,0.148,2.932,0.445,1.213,9.056,8.899,1.335,31.061,,No,,No,,,43.223,42.691
Cyprus,CYP,Both,2016,4.5,,,,,,,,,,,,,,,,,
Cyprus,CYP,Male,2016,7.2,,,,,,,,,,,,,,,,,
Cyprus,CYP,Female,2016,1.9,,,,,,,,,,,,,,,,,
Czechia,CZE,Both,2016,10.5,,,,,,,,,,,,,,,,,
Czechia,CZE,Male,2016,17.2,,,,,,,,,,,,,,,,,
Czechia,CZE,Female,2016,4.2,,,,,,,,,,,,,,,,,
Germany,DEU,Both,2016,9.1,,,,,,,,,,,,,,,,,
Germany,DEU,Male,2016,13.6,,,,,,,,,,,,,,,,,
Germany,DEU,Female,2016,4.8,,,,,,,,,,,,,,,,,
Djibouti,DJI,Both,2016,8.5,,,,,,,,,,,,,,,,,
Djibouti,DJI,Male,2016,11.9,,,,,,,,,,,,,,,,,
Djibouti,DJI,Female,2016,5.3,,,,,,,,,,,,,,,,,
Denmark,DNK,Both,2016,9.2,,,,,,,,,,,Yes,2015,Yes,2014,,51.594,
Denmark,DNK,Male,2016,13.2,,,,,,,,,,,Yes,2015,Yes,2014,,51.594,
Denmark,DNK,Female,2016,5.2,,,,,,,,,,,Yes,2015,Yes,2014,,51.594,
Dominican Republic,DOM,Both,2016,10.5,,0.076,1.748,0.019,,2.28,,0.294,7.598,0.7,Yes,2006,Yes,2017,,,0.541
Dominican Republic,DOM,Male,2016,17.9,,0.076,1.748,0.019,,2.28,,0.294,7.598,0.7,Yes,2006,Yes,2017,,,0.541
Dominican Republic,DOM,Female,2016,3.2,,0.076,1.748,0.019,,2.28,,0.294,7.598,0.7,Yes,2006,Yes,2017,,,0.541
Algeria,DZA,Both,2016,3.3,0.048,0.068,0.048,,,,,,,,Yes,1905,No,,,10.456,1.507
Algeria,DZA,Male,2016,4.9,0.048,0.068,0.048,,,,,,,,Yes,1905,No,,,10.456,1.507
Algeria,DZA,Female,2016,1.8,0.048,0.068,0.048,,,,,,,,Yes,1905,No,,,10.456,1.507
Ecuador,ECU,Both,2016,7.2,0.025,0.173,0.242,3.01,,0.458,0.056,0.019,7.662,1.5,No,,Yes,2014,,0.811,
Ecuador,ECU,Male,2016,10.7,0.025,0.173,0.242,3.01,,0.458,0.056,0.019,7.662,1.5,No,,Yes,2014,,0.811,
Ecuador,ECU,Female,2016,3.8,0.025,0.173,0.242,3.01,,0.458,0.056,0.019,7.662,1.5,No,,Yes,2014,,0.811,
Egypt,EGY,Both,2016,4.4,0.019,,0.031,0.011,,1.6,4.799,0.448,0.256,0.5,Yes,2009,Yes,2015,,7.038,0.038
Egypt,EGY,Male,2016,7.2,0.019,,0.031,0.011,,1.6,4.799,0.448,0.256,0.5,Yes,2009,Yes,2015,,7.038,0.038
Egypt,EGY,Female,2016,1.7,0.019,,0.031,0.011,,1.6,4.799,0.448,0.256,0.5,Yes,2009,Yes,2015,,7.038,0.038
Eritrea,ERI,Both,2016,13.8,0.021,0.206,0.227,,,,2.166,0.041,0.083,,No,,Yes,2017,,4.126,0.413
Eritrea,ERI,Male,2016,22.4,0.021,0.206,0.227,,,,2.166,0.041,0.083,,No,,Yes,2017,,4.126,0.413
Eritrea,ERI,Female,2016,6.1,0.021,0.206,0.227,,,,2.166,0.041,0.083,,No,,Yes,2017,,4.126,0.413
Spain,ESP,Both,2016,6.1,,,,,,,,,,,,,,,,,
Spain,ESP,Male,2016,9.3,,,,,,,,,,,,,,,,,
Spain,ESP,Female,2016,3.1,,,,,,,,,,,,,,,,,
Estonia,EST,Both,2016,14.4,0.152,0.684,14.82,17.176,3.496,16.188,23.484,0.532,6.46,2.9,Yes,2015,Yes,2016,20.444,8.74,58.444
Estonia,EST,Male,2016,25.6,0.152,0.684,14.82,17.176,3.496,16.188,23.484,0.532,6.46,2.9,Yes,2015,Yes,2016,20.444,8.74,58.444
Estonia,EST,Female,2016,4.4,0.152,0.684,14.82,17.176,3.496,16.188,23.484,0.532,6.46,2.9,Yes,2015,Yes,2016,20.444,8.74,58.444
Ethiopia,ETH,Both,2016,11.4,,,,,,,,,,,,,,,,,
Ethiopia,ETH,Male,2016,18.7,,,,,,,,,,,,,,,,,
Ethiopia,ETH,Female,2016,4.7,,,,,,,,,,,,,,,,,
Finland,FIN,Both,2016,13.8,,,,,,,,,,,,,,,,,
Finland,FIN,Male,2016,20.8,,,,,,,,,,,,,,,,,
Finland,FIN,Female,2016,6.8,,,,,,,,,,,,,,,,,
Fiji,FJI,Both,2016,5.5,0.112,0.336,3.363,0.112,,0.224,1.457,0.56,0.56,4,Yes,2010,Yes,2015,,11.209,2.354
Fiji,FJI,Male,2016,8.8,0.112,0.336,3.363,0.112,,0.224,1.457,0.56,0.56,4,Yes,2010,Yes,2015,,11.209,2.354
Fiji,FJI,Female,2016,2.5,0.112,0.336,3.363,0.112,,0.224,1.457,0.56,0.56,4,Yes,2010,Yes,2015,,11.209,2.354
France,FRA,Both,2016,12.1,,,,,,,,,,,,,,,,,
France,FRA,Male,2016,17.9,,,,,,,,,,,,,,,,,
France,FRA,Female,2016,6.5,,,,,,,,,,,,,,,,,
FS Micronesia,FSM,Both,2016,11.3,,,,,,,,,,,,,,,,,
FS Micronesia,FSM,Male,2016,16.2,,,,,,,,,,,,,,,,,
FS Micronesia,FSM,Female,2016,6.2,,,,,,,,,,,,,,,,,
Gabon,GAB,Both,2016,9.6,0.052,,0.052,,,0.259,0.518,0.104,0.777,,Yes,2016,Yes,2013,,6.217,
Gabon,GAB,Male,2016,15,0.052,,0.052,,,0.259,0.518,0.104,0.777,,Yes,2016,Yes,2013,,6.217,
Gabon,GAB,Female,2016,4.3,0.052,,0.052,,,0.259,0.518,0.104,0.777,,Yes,2016,Yes,2013,,6.217,
United Kingdom,GBR,Both,2016,7.6,,,,,,,,,,,,,,,,,
United Kingdom,GBR,Male,2016,11.9,,,,,,,,,,,,,,,,,
United Kingdom,GBR,Female,2016,3.5,,,,,,,,,,,,,,,,,
Georgia,GEO,Both,2016,6.7,0.228,0.076,0.683,0.101,,6.706,5.922,,2.328,1.9,Yes,2007,Yes,2014,,36.72,2.531
Georgia,GEO,Male,2016,12.3,0.228,0.076,0.683,0.101,,6.706,5.922,,2.328,1.9,Yes,2007,Yes,2014,,36.72,2.531
Georgia,GEO,Female,2016,1.9,0.228,0.076,0.683,0.101,,6.706,5.922,,2.328,1.9,Yes,2007,Yes,2014,,36.72,2.531
Ghana,GHA,Both,2016,8.7,0.011,1.095,2.378,0.018,0.015,0.058,7.733,,0.065,1.1,Yes,2012,Yes,2013,0.145,2.9,3.285
Ghana,GHA,Male,2016,15.8,0.011,1.095,2.378,0.018,0.015,0.058,7.733,,0.065,1.1,Yes,2012,Yes,2013,0.145,2.9,3.285
Ghana,GHA,Female,2016,2.9,0.011,1.095,2.378,0.018,0.015,0.058,7.733,,0.065,1.1,Yes,2012,Yes,2013,0.145,2.9,3.285
Guinea,GIN,Both,2016,10.5,,0.008,,,,0.025,,0.008,0.008,,No,,Yes,2016,,,0.513
Guinea,GIN,Male,2016,12.7,,0.008,,,,0.025,,0.008,0.008,,No,,Yes,2016,,,0.513
Guinea,GIN,Female,2016,8.4,,0.008,,,,0.025,,0.008,0.008,,No,,Yes,2016,,,0.513
The Gambia,GMB,Both,2016,10,,,,,,0.101,0.303,0.101,,,Yes,1964,Yes,2016,,,
The Gambia,GMB,Male,2016,12.8,,,,,,0.101,0.303,0.101,,,Yes,1964,Yes,2016,,,
The Gambia,GMB,Female,2016,7.3,,,,,,0.101,0.303,0.101,,,Yes,1964,Yes,2016,,,
Guinea-Bissau,GNB,Both,2016,7.4,0.056,,0.056,,,,0.791,0.169,0.113,,No,,No,,,2.033,
Guinea-Bissau,GNB,Male,2016,8.9,0.056,,0.056,,,,0.791,0.169,0.113,,No,,No,,,2.033,
Guinea-Bissau,GNB,Female,2016,6.1,0.056,,0.056,,,,0.791,0.169,0.113,,No,,No,,,2.033,
Equatorial Guinea,GNQ,Both,2016,22,,,,,,,,,,,,,,,,,
Equatorial Guinea,GNQ,Male,2016,31.3,,,,,,,,,,,,,,,,,
Equatorial Guinea,GNQ,Female,2016,10.8,,,,,,,,,,,,,,,,,
Greece,GRC,Both,2016,3.8,0.027,0.33,1.346,1.319,6.178,5.803,12.748,3.459,8.781,,Yes,1999,Yes,2016,14.78,10.653,5.696
Greece,GRC,Male,2016,6.1,0.027,0.33,1.346,1.319,6.178,5.803,12.748,3.459,8.781,,Yes,1999,Yes,2016,14.78,10.653,5.696
Greece,GRC,Female,2016,1.5,0.027,0.33,1.346,1.319,6.178,5.803,12.748,3.459,8.781,,Yes,1999,Yes,2016,14.78,10.653,5.696
Grenada,GRD,Both,2016,1.7,0.936,0.936,10.297,,,1.872,0.936,2.808,,,Yes,2009,No,,,74.89,18.723
Grenada,GRD,Male,2016,2.1,0.936,0.936,10.297,,,1.872,0.936,2.808,,,Yes,2009,No,,,74.89,18.723
Grenada,GRD,Female,2016,1,0.936,0.936,10.297,,,1.872,0.936,2.808,,,Yes,2009,No,,,74.89,18.723
Guatemala,GTM,Both,2016,2.9,0.006,0.006,1.434,,0.006,0.492,1.071,0.006,46.147,,No,,,,0.234,2.129,0.111
Guatemala,GTM,Male,2016,4.4,0.006,0.006,1.434,,0.006,0.492,1.071,0.006,46.147,,No,,,,0.234,2.129,0.111
Guatemala,GTM,Female,2016,1.7,0.006,0.006,1.434,,0.006,0.492,1.071,0.006,46.147,,No,,,,0.234,2.129,0.111
Guyana,GUY,Both,2016,30.2,0.13,0.13,0.26,,,0.911,,,0,0.2,Yes,1930,Yes,2015,,20.039,0.781
Guyana,GUY,Male,2016,46.6,0.13,0.13,0.26,,,0.911,,,0,0.2,Yes,1930,Yes,2015,,20.039,0.781
Guyana,GUY,Female,2016,14.2,0.13,0.13,0.26,,,0.911,,,0,0.2,Yes,1930,Yes,2015,,20.039,0.781
Honduras,HND,Both,2016,3.4,,,,,,,,,,,,,,,,,
Honduras,HND,Male,2016,5.3,,,,,,,,,,,,,,,,,
Honduras,HND,Female,2016,1.7,,,,,,,,,,,,,,,,,
Croatia,HRV,Both,2016,11.5,0.165,0.519,3.093,0.803,,11.095,41.856,1.298,4.367,4.3,Yes,2014,Yes,2013,,75.354,16.501
Croatia,HRV,Male,2016,18.8,0.165,0.519,3.093,0.803,,11.095,41.856,1.298,4.367,4.3,Yes,2014,Yes,2013,,75.354,16.501
Croatia,HRV,Female,2016,5.1,0.165,0.519,3.093,0.803,,11.095,41.856,1.298,4.367,4.3,Yes,2014,Yes,2013,,75.354,16.501
Haiti,HTI,Both,2016,12.2,0.019,0.009,0.131,,,0.075,0.233,0.373,0.56,1.6,No,,Yes,2014,,1.951,0.037
Haiti,HTI,Male,2016,18.3,0.019,0.009,0.131,,,0.075,0.233,0.373,0.56,1.6,No,,Yes,2014,,1.951,0.037
Haiti,HTI,Female,2016,6.4,0.019,0.009,0.131,,,0.075,0.233,0.373,0.56,1.6,No,,Yes,2014,,1.951,0.037
Hungary,HUN,Both,2016,13.6,,2.647,8.269,0.02,0.286,11.079,33.739,,2.484,,No,,No,,,,85.671
Hungary,HUN,Male,2016,22.2,,2.647,8.269,0.02,0.286,11.079,33.739,,2.484,,No,,No,,,,85.671
Hungary,HUN,Female,2016,6.2,,2.647,8.269,0.02,0.286,11.079,33.739,,2.484,,No,,No,,,,85.671
Indonesia,IDN,Both,2016,3.7,0.019,0.104,,,,0.31,2.518,,0.175,6,Yes,,Yes,2014,,,
Indonesia,IDN,Male,2016,5.2,0.019,0.104,,,,0.31,2.518,,0.175,6,Yes,,Yes,2014,,,
Indonesia,IDN,Female,2016,2.2,0.019,0.104,,,,0.31,2.518,,0.175,6,Yes,,Yes,2014,,,
India,IND,Both,2016,16.5,0.01,0.03,0.176,0.023,0.017,0.292,0.796,0.065,0.069,1.3,Yes,2017,Yes,2014,5.178,1.426,0.56
India,IND,Male,2016,18.5,0.01,0.03,0.176,0.023,0.017,0.292,0.796,0.065,0.069,1.3,Yes,2017,Yes,2014,5.178,1.426,0.56
India,IND,Female,2016,14.5,0.01,0.03,0.176,0.023,0.017,0.292,0.796,0.065,0.069,1.3,Yes,2017,Yes,2014,5.178,1.426,0.56
Ireland,IRL,Both,2016,10.9,0.617,0.617,3.83,0.085,4.468,,,,,6,Yes,2001,Yes,2006,,21.659,21.659
Ireland,IRL,Male,2016,17.6,0.617,0.617,3.83,0.085,4.468,,,,,6,Yes,2001,Yes,2006,,21.659,21.659
Ireland,IRL,Female,2016,4.2,0.617,0.617,3.83,0.085,4.468,,,,,6,Yes,2001,Yes,2006,,21.659,21.659
Iran,IRN,Both,2016,4,,,,,,,,,,,,,,,,,
Iran,IRN,Male,2016,4.9,,,,,,,,,,,,,,,,,
Iran,IRN,Female,2016,3.1,,,,,,,,,,,,,,,,,
Iraq,IRQ,Both,2016,4.1,,,,,,,,,,,,,,,,,
Iraq,IRQ,Male,2016,4.7,,,,,,,,,,,,,,,,,
Iraq,IRQ,Female,2016,3.4,,,,,,,,,,,,,,,,,
Iceland,ISL,Both,2016,13.3,0.303,4.542,3.028,,,,,,,5.7,No,,Yes,2016,,18.168,32.703
Iceland,ISL,Male,2016,21.7,0.303,4.542,3.028,,,,,,,5.7,No,,Yes,2016,,18.168,32.703
Iceland,ISL,Female,2016,4.7,0.303,4.542,3.028,,,,,,,5.7,No,,Yes,2016,,18.168,32.703
Israel,ISR,Both,2016,5.2,0.161,0.136,,,1.637,9.87,,,88.089,3.4,Yes,2014,Yes,2012,161.398,35.228,4.179
Israel,ISR,Male,2016,8.2,0.161,0.136,,,1.637,9.87,,,88.089,3.4,Yes,2014,Yes,2012,161.398,35.228,4.179
Israel,ISR,Female,2016,2.4,0.161,0.136,,,1.637,9.87,,,88.089,3.4,Yes,2014,Yes,2012,161.398,35.228,4.179
Italy,ITA,Both,2016,5.5,,,,,,,,,,,,,,,,,
Italy,ITA,Male,2016,8.4,,,,,,,,,,,,,,,,,
Italy,ITA,Female,2016,2.6,,,,,,,,,,,,,,,,,
Jamaica,JAM,Both,2016,2,,,,,,,,,,,,,,,,,
Jamaica,JAM,Male,2016,3.2,,,,,,,,,,,,,,,,,
Jamaica,JAM,Female,2016,0.9,,,,,,,,,,,,,,,,,
Jordan,JOR,Both,2016,3.7,0.055,0.033,0.513,,,1.125,3.297,0.218,1.266,,No,,Yes,2011,,6.649,0.415
Jordan,JOR,Male,2016,4.7,0.055,0.033,0.513,,,1.125,3.297,0.218,1.266,,No,,Yes,2011,,6.649,0.415
Jordan,JOR,Female,2016,2.7,0.055,0.033,0.513,,,1.125,3.297,0.218,1.266,,No,,Yes,2011,,6.649,0.415
Japan,JPN,Both,2016,14.3,8.314,0.45,7.223,3.759,0.366,11.867,83.805,8.328,3.037,,Yes,2016,Yes,2014,,196.625,66.147
Japan,JPN,Male,2016,20.5,8.314,0.45,7.223,3.759,0.366,11.867,83.805,8.328,3.037,,Yes,2016,Yes,2014,,196.625,66.147
Japan,JPN,Female,2016,8.1,8.314,0.45,7.223,3.759,0.366,11.867,83.805,8.328,3.037,,Yes,2016,Yes,2014,,196.625,66.147
Kazakhstan,KAZ,Both,2016,22.8,,,,,,,,,,,,,,,,,
Kazakhstan,KAZ,Male,2016,40.1,,,,,,,,,,,,,,,,,
Kazakhstan,KAZ,Female,2016,7.7,,,,,,,,,,,,,,,,,
Kenya,KEN,Both,2016,5.6,0.002,0.032,0.068,,,0.184,,,,0,Yes,1989,Yes,2015,,1.482,1.059
Kenya,KEN,Male,2016,9.7,0.002,0.032,0.068,,,0.184,,,,0,Yes,1989,Yes,2015,,1.482,1.059
Kenya,KEN,Female,2016,2.1,0.002,0.032,0.068,,,0.184,,,,0,Yes,1989,Yes,2015,,1.482,1.059
Kyrgyzstan,KGZ,Both,2016,9.1,0.085,0.136,1.159,0.051,,1.688,7.365,,0.409,7.7,Yes,2016,Yes,2017,,27.705,1.603
Kyrgyzstan,KGZ,Male,2016,14.8,0.085,0.136,1.159,0.051,,1.688,7.365,,0.409,7.7,Yes,2016,Yes,2017,,27.705,1.603
Kyrgyzstan,KGZ,Female,2016,3.7,0.085,0.136,1.159,0.051,,1.688,7.365,,0.409,7.7,Yes,2016,Yes,2017,,27.705,1.603
Cambodia,KHM,Both,2016,5.9,,0.006,1.134,,,0.387,0.277,,7.089,0,No,,Yes,2011,,,0.032
Cambodia,KHM,Male,2016,9,,0.006,1.134,,,0.387,0.277,,7.089,0,No,,Yes,2011,,,0.032
Cambodia,KHM,Female,2016,3.2,,0.006,1.134,,,0.387,0.277,,7.089,0,No,,Yes,2011,,,0.032
Kiribati,KIR,Both,2016,15.2,,,,,,,,,,,,,,,,,
Kiribati,KIR,Male,2016,25.9,,,,,,,,,,,,,,,,,
Kiribati,KIR,Female,2016,5.4,,,,,,,,,,,,,,,,,
South Korea,KOR,Both,2016,20.2,0.358,0.389,1.789,0.134,0.427,5.793,13.662,8.404,1.591,3.8,Yes,2016,Yes,2016,4.85,94.217,11.156
South Korea,KOR,Male,2016,29.6,0.358,0.389,1.789,0.134,0.427,5.793,13.662,8.404,1.591,3.8,Yes,2016,Yes,2016,4.85,94.217,11.156
South Korea,KOR,Female,2016,11.6,0.358,0.389,1.789,0.134,0.427,5.793,13.662,8.404,1.591,3.8,Yes,2016,Yes,2016,4.85,94.217,11.156
Kuwait,KWT,Both,2016,2.2,,,,,,,,,,,,,,,,,
Kuwait,KWT,Male,2016,2.5,,,,,,,,,,,,,,,,,
Kuwait,KWT,Female,2016,1.7,,,,,,,,,,,,,,,,,
Laos,LAO,Both,2016,9.3,,,,,,,,,,,,,,,,,
Laos,LAO,Male,2016,12.9,,,,,,,,,,,,,,,,,
Laos,LAO,Female,2016,6.1,,,,,,,,,,,,,,,,,
Lebanon,LBN,Both,2016,3.2,,,,,,,,,,,,,,,,,
Lebanon,LBN,Male,2016,4.2,,,,,,,,,,,,,,,,,
Lebanon,LBN,Female,2016,2.2,,,,,,,,,,,,,,,,,
Liberia,LBR,Both,2016,13.4,0.022,0.067,0.622,,,0.044,6.401,1.4,,2.4,Yes,2017,Yes,2016,0.444,1.6,0.333
Liberia,LBR,Male,2016,13.8,0.022,0.067,0.622,,,0.044,6.401,1.4,,2.4,Yes,2017,Yes,2016,0.444,1.6,0.333
Liberia,LBR,Female,2016,13,0.022,0.067,0.622,,,0.044,6.401,1.4,,2.4,Yes,2017,Yes,2016,0.444,1.6,0.333
Libya,LBY,Both,2016,5.5,0.032,,,,,,,,,,No,,No,,,,
Libya,LBY,Male,2016,8.7,0.032,,,,,,,,,,No,,No,,,,
Libya,LBY,Female,2016,2.3,0.032,,,,,,,,,,No,,No,,,,
Saint Lucia,LCA,Both,2016,7.3,0.564,,19.751,,,0.564,50.788,0.564,,6,Yes,2001,No,,,54.739,
Saint Lucia,LCA,Male,2016,12.7,0.564,,19.751,,,0.564,50.788,0.564,,6,Yes,2001,No,,,54.739,
Saint Lucia,LCA,Female,2016,2.1,0.564,,19.751,,,0.564,50.788,0.564,,6,Yes,2001,No,,,54.739,
Sri Lanka,LKA,Both,2016,14.2,,,,,,,,,,,,,,,,,
Sri Lanka,LKA,Male,2016,23.3,,,,,,,,,,,,,,,,,
Sri Lanka,LKA,Female,2016,6.2,,,,,,,,,,,,,,,,,
Lesotho,LSO,Both,2016,28.9,,,,,,,,,,,,,,,,,
Lesotho,LSO,Male,2016,22.7,,,,,,,,,,,,,,,,,
Lesotho,LSO,Female,2016,32.6,,,,,,,,,,,,,,,,,
Lithuania,LTU,Both,2016,25.7,0.136,0.682,3.922,,,18.452,49.763,,15.86,,Yes,2005,Yes,2016,,40.178,49.592
Lithuania,LTU,Male,2016,47.5,0.136,0.682,3.922,,,18.452,49.763,,15.86,,Yes,2005,Yes,2016,,40.178,49.592
Lithuania,LTU,Female,2016,6.7,0.136,0.682,3.922,,,18.452,49.763,,15.86,,Yes,2005,Yes,2016,,40.178,49.592
Luxembourg,LUX,Both,2016,10.4,,,,,,,,,,,,,,,,,
Luxembourg,LUX,Male,2016,15,,,,,,,,,,,,,,,,,
Luxembourg,LUX,Female,2016,5.8,,,,,,,,,,,,,,,,,
Latvia,LVA,Both,2016,17.2,,,,,,,,,,,,,,,,,
Latvia,LVA,Male,2016,31,,,,,,,,,,,,,,,,,
Latvia,LVA,Female,2016,5.1,,,,,,,,,,,,,,,,,
Morocco,MAR,Both,2016,3.1,0.032,0.08,0.371,0.101,0.069,0.839,2.451,0.646,0.575,,Yes,1959,Yes,2013,,4.175,2.054
Morocco,MAR,Male,2016,2.5,0.032,0.08,0.371,0.101,0.069,0.839,2.451,0.646,0.575,,Yes,1959,Yes,2013,,4.175,2.054
Morocco,MAR,Female,2016,3.6,0.032,0.08,0.371,0.101,0.069,0.839,2.451,0.646,0.575,,Yes,1959,Yes,2013,,4.175,2.054
Moldova,MDA,Both,2016,13.4,,,,,,,,,,,,,,,,,
Moldova,MDA,Male,2016,24.1,,,,,,,,,,,,,,,,,
Moldova,MDA,Female,2016,3.8,,,,,,,,,,,,,,,,,
Madagascar,MDG,Both,2016,6.9,0.021,0.045,,0.004,0.008,0.058,0.314,0.05,0.062,,Yes,1838,Yes,2008,0.103,0.854,0.466
Madagascar,MDG,Male,2016,10.5,0.021,0.045,,0.004,0.008,0.058,0.314,0.05,0.062,,Yes,1838,Yes,2008,0.103,0.854,0.466
Madagascar,MDG,Female,2016,3.6,0.021,0.045,,0.004,0.008,0.058,0.314,0.05,0.062,,Yes,1838,Yes,2008,0.103,0.854,0.466
Maldives,MDV,Both,2016,2.7,,,,,,,,,,,,,,,,,
Maldives,MDV,Male,2016,3.6,,,,,,,,,,,,,,,,,
Maldives,MDV,Female,2016,1.6,,,,,,,,,,,,,,,,,
Mexico,MEX,Both,2016,5.2,0.029,0.006,0.126,0.079,0.012,0.207,2.239,0.53,3.459,,Yes,2017,Yes,2013,0.255,3.06,0.027
Mexico,MEX,Male,2016,8.2,0.029,0.006,0.126,0.079,0.012,0.207,2.239,0.53,3.459,,Yes,2017,Yes,2013,0.255,3.06,0.027
Mexico,MEX,Female,2016,2.3,0.029,0.006,0.126,0.079,0.012,0.207,2.239,0.53,3.459,,Yes,2017,Yes,2013,0.255,3.06,0.027
North Macedonia,MKD,Both,2016,6.2,,,,,,,,,,,,,,,,,
North Macedonia,MKD,Male,2016,9.7,,,,,,,,,,,,,,,,,
North Macedonia,MKD,Female,2016,3,,,,,,,,,,,,,,,,,
Mali,MLI,Both,2016,8.9,,0.006,,,,0.029,0.092,,0.011,,No,,No,,,,0.315
Mali,MLI,Male,2016,13.5,,0.006,,,,0.029,0.092,,0.011,,No,,No,,,,0.315
Mali,MLI,Female,2016,4.7,,0.006,,,,0.029,0.092,,0.011,,No,,No,,,,0.315
Malta,MLT,Both,2016,6.5,,,,,,,,,,,,,,,,,
Malta,MLT,Male,2016,10.3,,,,,,,,,,,,,,,,,
Malta,MLT,Female,2016,2.8,,,,,,,,,,,,,,,,,
Myanmar,MMR,Both,2016,8.1,0.004,0.042,0.073,,,0.384,0.321,0.013,,0.4,Yes,1912,Yes,1993,,2.672,0.555
Myanmar,MMR,Male,2016,6.3,0.004,0.042,0.073,,,0.384,0.321,0.013,,0.4,Yes,1912,Yes,1993,,2.672,0.555
Myanmar,MMR,Female,2016,9.8,0.004,0.042,0.073,,,0.384,0.321,0.013,,0.4,Yes,1912,Yes,1993,,2.672,0.555
Montenegro,MNE,Both,2016,7.9,0.318,0.318,,,,8.278,18.307,1.114,,,Yes,2013,Yes,2017,,46.484,4.298
Montenegro,MNE,Male,2016,12.6,0.318,0.318,,,,8.278,18.307,1.114,,,Yes,2013,Yes,2017,,46.484,4.298
Montenegro,MNE,Female,2016,3.6,0.318,0.318,,,,8.278,18.307,1.114,,,Yes,2013,Yes,2017,,46.484,4.298
Mongolia,MNG,Both,2016,13.3,0.034,0.47,0.067,,,4.031,4.199,0.101,0.101,,Yes,2013,No,,,18.476,3.258
Mongolia,MNG,Male,2016,23.3,0.034,0.47,0.067,,,4.031,4.199,0.101,0.101,,Yes,2013,No,,,18.476,3.258
Mongolia,MNG,Female,2016,3.8,0.034,0.47,0.067,,,4.031,4.199,0.101,0.101,,Yes,2013,No,,,18.476,3.258
Mozambique,MOZ,Both,2016,8.4,0.007,0.039,0.768,0.021,,0.046,,0.018,0.389,,No,,Yes,2016,,0.439,1.978
Mozambique,MOZ,Male,2016,14,0.007,0.039,0.768,0.021,,0.046,,0.018,0.389,,No,,Yes,2016,,0.439,1.978
Mozambique,MOZ,Female,2016,4.1,0.007,0.039,0.768,0.021,,0.046,,0.018,0.389,,No,,Yes,2016,,0.439,1.978
Mauritania,MRT,Both,2016,7.5,,,,,,,,,,,,,,,,,
Mauritania,MRT,Male,2016,12.1,,,,,,,,,,,,,,,,,
Mauritania,MRT,Female,2016,3.6,,,,,,,,,,,,,,,,,
Mauritius,MUS,Both,2016,7.3,,,,,,,,,,,,,,,,,
Mauritius,MUS,Male,2016,12.5,,,,,,,,,,,,,,,,,
Mauritius,MUS,Female,2016,2.2,,,,,,,,,,,,,,,,,
Malawi,MWI,Both,2016,7.8,,,,,,,,,,,,,,,,,
Malawi,MWI,Male,2016,13.7,,,,,,,,,,,,,,,,,
Malawi,MWI,Female,2016,3.2,,,,,,,,,,,,,,,,,
Malaysia,MYS,Both,2016,6.2,0.013,0.153,0.316,3.118,,1.048,6.838,,1.029,1.3,Yes,2001,Yes,2012,,11.054,
Malaysia,MYS,Male,2016,8.7,0.013,0.153,0.316,3.118,,1.048,6.838,,1.029,1.3,Yes,2001,Yes,2012,,11.054,
Malaysia,MYS,Female,2016,3.6,0.013,0.153,0.316,3.118,,1.048,6.838,,1.029,1.3,Yes,2001,Yes,2012,,11.054,
Namibia,NAM,Both,2016,11.5,,0.082,0.082,,0.041,0.371,0.907,0.206,1.443,,Yes,1973,No,,0.495,,12.657
Namibia,NAM,Male,2016,19.4,,0.082,0.082,,0.041,0.371,0.907,0.206,1.443,,Yes,1973,No,,0.495,,12.657
Namibia,NAM,Female,2016,4.9,,0.082,0.082,,0.041,0.371,0.907,0.206,1.443,,Yes,1973,No,,0.495,,12.657
Niger,NER,Both,2016,9,,0.033,1.685,0.019,,0.014,0.126,0.028,0.019,,No,,Yes,2017,,,0.521
Niger,NER,Male,2016,11.5,,0.033,1.685,0.019,,0.014,0.126,0.028,0.019,,No,,Yes,2017,,,0.521
Niger,NER,Female,2016,6.7,,0.033,1.685,0.019,,0.014,0.126,0.028,0.019,,No,,Yes,2017,,,0.521
Nigeria,NGA,Both,2016,17.3,,,,,,,,,,,,,,,,,
Nigeria,NGA,Male,2016,17.5,,,,,,,,,,,,,,,,,
Nigeria,NGA,Female,2016,17.1,,,,,,,,,,,,,,,,,
Nicaragua,NIC,Both,2016,11.9,,,,,,,,,,,,,,,,,
Nicaragua,NIC,Male,2016,19.2,,,,,,,,,,,,,,,,,
Nicaragua,NIC,Female,2016,5,,,,,,,,,,,,,,,,,
Netherlands,NLD,Both,2016,9.6,,,,,,,,,,,,,,,,,
Netherlands,NLD,Male,2016,12.9,,,,,,,,,,,,,,,,,
Netherlands,NLD,Female,2016,6.4,,,,,,,,,,,,,,,,,
Norway,NOR,Both,2016,10.1,0.577,0.481,1.308,0.885,,48.04,,,73.522,,Yes,2017,Yes,2016,,74.329,
Norway,NOR,Male,2016,13.6,0.577,0.481,1.308,0.885,,48.04,,,73.522,,Yes,2017,Yes,2016,,74.329,
Norway,NOR,Female,2016,6.5,0.577,0.481,1.308,0.885,,48.04,,,73.522,,Yes,2017,Yes,2016,,74.329,
Nepal,NPL,Both,2016,9.6,0.021,0.063,0.112,,,0.356,0.558,,0.523,,No,,Yes,1996,,0.576,1.183
Nepal,NPL,Male,2016,11.4,0.021,0.063,0.112,,,0.356,0.558,,0.523,,No,,Yes,1996,,0.576,1.183
Nepal,NPL,Female,2016,8,0.021,0.063,0.112,,,0.356,0.558,,0.523,,No,,Yes,1996,,0.576,1.183
New Zealand,NZL,Both,2016,11.6,,0.607,,,,28.54,75.132,,,9,Yes,1992,Yes,2012,26.243,,18.788
New Zealand,NZL,Male,2016,17.3,,0.607,,,,28.54,75.132,,,9,Yes,1992,Yes,2012,26.243,,18.788
New Zealand,NZL,Female,2016,6.2,,0.607,,,,28.54,75.132,,,9,Yes,1992,Yes,2012,26.243,,18.788
Oman,OMN,Both,2016,3.5,,,,,,,,,,,,,,,,,
Oman,OMN,Male,2016,4.8,,,,,,,,,,,,,,,,,
Oman,OMN,Female,2016,0.9,,,,,,,,,,,,,,,,,
Pakistan,PAK,Both,2016,3.1,0.006,0.422,2.3,,0.305,,,,,0.4,Yes,2001,No,,2.989,2.472,3.274
Pakistan,PAK,Male,2016,3,0.006,0.422,2.3,,0.305,,,,,0.4,Yes,2001,No,,2.989,2.472,3.274
Pakistan,PAK,Female,2016,3.1,0.006,0.422,2.3,,0.305,,,,,0.4,Yes,2001,No,,2.989,2.472,3.274
Panama,PAN,Both,2016,4.4,0.025,0.277,2.696,0.025,,4.031,3.452,9.221,7.331,,No,,Yes,2003,,3.779,5.996
Panama,PAN,Male,2016,7.6,0.025,0.277,2.696,0.025,,4.031,3.452,9.221,7.331,,No,,Yes,2003,,3.779,5.996
Panama,PAN,Female,2016,1.2,0.025,0.277,2.696,0.025,,4.031,3.452,9.221,7.331,,No,,Yes,2003,,3.779,5.996
Peru,PER,Both,2016,5.1,0.01,0.057,0.166,0.016,0.022,2.948,5.995,,9.507,1.7,Yes,2012,Yes,2006,0.172,3.197,0.405
Peru,PER,Male,2016,7.6,0.01,0.057,0.166,0.016,0.022,2.948,5.995,,9.507,1.7,Yes,2012,Yes,2006,0.172,3.197,0.405
Peru,PER,Female,2016,2.7,0.01,0.057,0.166,0.016,0.022,2.948,5.995,,9.507,1.7,Yes,2012,Yes,2006,0.172,3.197,0.405
Philippines,PHL,Both,2016,3.7,0.001,0.083,0.211,0.002,0.058,0.518,,,0.885,0.2,Yes,2018,Yes,2016,2.045,4.129,1.324
Philippines,PHL,Male,2016,5.2,0.001,0.083,0.211,0.002,0.058,0.518,,,0.885,0.2,Yes,2018,Yes,2016,2.045,4.129,1.324
Philippines,PHL,Female,2016,2.3,0.001,0.083,0.211,0.002,0.058,0.518,,,0.885,0.2,Yes,2018,Yes,2016,2.045,4.129,1.324
Papua New Guinea,PNG,Both,2016,7,,,,,,,,,,,,,,,,,
Papua New Guinea,PNG,Male,2016,10.2,,,,,,,,,,,,,,,,,
Papua New Guinea,PNG,Female,2016,3.8,,,,,,,,,,,,,,,,,
Poland,POL,Both,2016,13.4,0.125,0.261,3.207,0.716,,24.176,30.916,,16.346,2.6,Yes,2011,Yes,2011,,30.466,15.583
Poland,POL,Male,2016,23.9,0.125,0.261,3.207,0.716,,24.176,30.916,,16.346,2.6,Yes,2011,Yes,2011,,30.466,15.583
Poland,POL,Female,2016,3.4,0.125,0.261,3.207,0.716,,24.176,30.916,,16.346,2.6,Yes,2011,Yes,2011,,30.466,15.583
North Korea,PRK,Both,2016,10.6,,,,,,,,,,,,,,,,,
North Korea,PRK,Male,2016,14.8,,,,,,,,,,,,,,,,,
North Korea,PRK,Female,2016,8,,,,,,,,,,,,,,,,,
Portugal,PRT,Both,2016,8.6,0.029,0.288,0.701,0.518,0.269,,,,,,Yes,1998,Yes,2008,6.344,5.701,11.825
Portugal,PRT,Male,2016,14.3,0.029,0.288,0.701,0.518,0.269,,,,,,Yes,1998,Yes,2008,6.344,5.701,11.825
Portugal,PRT,Female,2016,3.8,0.029,0.288,0.701,0.518,0.269,,,,,,Yes,1998,Yes,2008,6.344,5.701,11.825
Paraguay,PRY,Both,2016,9.3,0.03,0.03,1.416,0.015,0.09,,,,,1.8,No,,Yes,2017,0.874,5.106,0.241
Paraguay,PRY,Male,2016,12.3,0.03,0.03,1.416,0.015,0.09,,,,,1.8,No,,Yes,2017,0.874,5.106,0.241
Paraguay,PRY,Female,2016,6.2,0.03,0.03,1.416,0.015,0.09,,,,,1.8,No,,Yes,2017,0.874,5.106,0.241
Qatar,QAT,Both,2016,5.8,0.038,0.038,0.344,0.115,0.076,2.712,9.933,0.115,1.413,0.6,Yes,2016,Yes,2013,0.573,2.483,0.458
Qatar,QAT,Male,2016,7.3,0.038,0.038,0.344,0.115,0.076,2.712,9.933,0.115,1.413,0.6,Yes,2016,Yes,2013,0.573,2.483,0.458
Qatar,QAT,Female,2016,1.1,0.038,0.038,0.344,0.115,0.076,2.712,9.933,0.115,1.413,0.6,Yes,2016,Yes,2013,0.573,2.483,0.458
Romania,ROU,Both,2016,8,0.171,0.392,0.911,0.277,,5.665,18.71,0.503,1.479,,Yes,2009,Yes,2009,,82.469,55.045
Romania,ROU,Male,2016,13.9,0.171,0.392,0.911,0.277,,5.665,18.71,0.503,1.479,,Yes,2009,Yes,2009,,82.469,55.045
Romania,ROU,Female,2016,2.4,0.171,0.392,0.911,0.277,,5.665,18.71,0.503,1.479,,Yes,2009,Yes,2009,,82.469,55.045
Russia,RUS,Both,2016,26.5,,,,,,,,,,,,,,,,,
Russia,RUS,Male,2016,48.3,,,,,,,,,,,,,,,,,
Russia,RUS,Female,2016,7.5,,,,,,,,,,,,,,,,,
Rwanda,RWA,Both,2016,11,0.017,0.396,0.404,,,0.06,1.376,0.172,0.387,10,No,,Yes,2012,,3.44,0.344
Rwanda,RWA,Male,2016,16.9,0.017,0.396,0.404,,,0.06,1.376,0.172,0.387,10,No,,Yes,2012,,3.44,0.344
Rwanda,RWA,Female,2016,6,0.017,0.396,0.404,,,0.06,1.376,0.172,0.387,10,No,,Yes,2012,,3.44,0.344
Saudi Arabia,SAU,Both,2016,3.4,0.079,0.013,0.507,,0.013,1.321,10.66,3.955,2.034,4,Yes,2016,Yes,2011,0.634,17.115,0.317
Saudi Arabia,SAU,Male,2016,4.6,0.079,0.013,0.507,,0.013,1.321,10.66,3.955,2.034,4,Yes,2016,Yes,2011,0.634,17.115,0.317
Saudi Arabia,SAU,Female,2016,1.7,0.079,0.013,0.507,,0.013,1.321,10.66,3.955,2.034,4,Yes,2016,Yes,2011,0.634,17.115,0.317
Sudan,SDN,Both,2016,9.5,,,,,,,,,,,,,,,,,
Sudan,SDN,Male,2016,14.5,,,,,,,,,,,,,,,,,
Sudan,SDN,Female,2016,4.6,,,,,,,,,,,,,,,,,
Senegal,SEN,Both,2016,11.8,0.007,0.027,0.04,,0.027,0.2,0.267,0.067,0.02,,Yes,1975,Yes,2016,0.908,0.935,0.581
Senegal,SEN,Male,2016,20.3,0.007,0.027,0.04,,0.027,0.2,0.267,0.067,0.02,,Yes,1975,Yes,2016,0.908,0.935,0.581
Senegal,SEN,Female,2016,5.2,0.007,0.027,0.04,,0.027,0.2,0.267,0.067,0.02,,Yes,1975,Yes,2016,0.908,0.935,0.581
Singapore,SGP,Both,2016,7.9,0.018,0.072,0.217,0.163,0.054,4.191,,,,3,Yes,2010,Yes,2012,6.431,34.867,1.228
Singapore,SGP,Male,2016,11.1,0.018,0.072,0.217,0.163,0.054,4.191,,,,3,Yes,2010,Yes,2012,6.431,34.867,1.228
Singapore,SGP,Female,2016,4.9,0.018,0.072,0.217,0.163,0.054,4.191,,,,3,Yes,2010,Yes,2012,6.431,34.867,1.228
Solomon Islands,SLB,Both,2016,5.9,,,,,,,,,,,,,,,,,
Solomon Islands,SLB,Male,2016,8.5,,,,,,,,,,,,,,,,,
Solomon Islands,SLB,Female,2016,3.2,,,,,,,,,,,,,,,,,
Sierra Leone,SLE,Both,2016,16.1,,,,,,,,,,,,,,,,,
Sierra Leone,SLE,Male,2016,18.2,,,,,,,,,,,,,,,,,
Sierra Leone,SLE,Female,2016,14.2,,,,,,,,,,,,,,,,,
El Salvador,SLV,Both,2016,13.5,0.032,0.253,0.729,,,0.887,,0.301,2.075,,No,,Yes,2012,,5.687,0.253
El Salvador,SLV,Male,2016,24.8,0.032,0.253,0.729,,,0.887,,0.301,2.075,,No,,Yes,2012,,5.687,0.253
El Salvador,SLV,Female,2016,4.3,0.032,0.253,0.729,,,0.887,,0.301,2.075,,No,,Yes,2012,,5.687,0.253
Somalia,SOM,Both,2016,8.3,,,,,,,,,,,,,,,,,
Somalia,SOM,Male,2016,11.5,,,,,,,,,,,,,,,,,
Somalia,SOM,Female,2016,5.4,,,,,,,,,,,,,,,,,
Serbia,SRB,Both,2016,10.9,,,,,,,,,,,,,,,,,
Serbia,SRB,Male,2016,17.3,,,,,,,,,,,,,,,,,
Serbia,SRB,Female,2016,5.2,,,,,,,,,,,,,,,,,
South Sudan,SSD,Both,2016,6.1,,0.008,0.008,,,0.025,0.017,,0.261,,No,,No,,,,0.101
South Sudan,SSD,Male,2016,8.3,,0.008,0.008,,,0.025,0.017,,0.261,,No,,No,,,,0.101
South Sudan,SSD,Female,2016,4.1,,0.008,0.008,,,0.025,0.017,,0.261,,No,,No,,,,0.101
Sao Tome and Principe,STP,Both,2016,3.1,,0.511,0.511,,,0.511,4.602,0.511,3.068,6.1,No,,Yes,2013,,,16.364
Sao Tome and Principe,STP,Male,2016,4.2,,0.511,0.511,,,0.511,4.602,0.511,3.068,6.1,No,,Yes,2013,,,16.364
Sao Tome and Principe,STP,Female,2016,2.1,,0.511,0.511,,,0.511,4.602,0.511,3.068,6.1,No,,Yes,2013,,,16.364
Suriname,SUR,Both,2016,23.2,,,,,,1.265,16.63,0.362,0.542,,Yes,1953,Yes,2012,,,
Suriname,SUR,Male,2016,36.1,,,,,,1.265,16.63,0.362,0.542,,Yes,1953,Yes,2012,,,
Suriname,SUR,Female,2016,10.9,,,,,,1.265,16.63,0.362,0.542,,Yes,1953,Yes,2012,,,
Slovakia,SVK,Both,2016,10.1,,,,,,,,,,,,,,,,,
Slovakia,SVK,Male,2016,18.4,,,,,,,,,,,,,,,,,
Slovakia,SVK,Female,2016,2.6,,,,,,,,,,,,,,,,,
Slovenia,SVN,Both,2016,13.3,0.241,0.048,5.832,2.121,3.518,11.953,36.727,1.976,9.302,5.8,Yes,2008,No,,84.153,57.114,9.543
Slovenia,SVN,Male,2016,22.4,0.241,0.048,5.832,2.121,3.518,11.953,36.727,1.976,9.302,5.8,Yes,2008,No,,84.153,57.114,9.543
Slovenia,SVN,Female,2016,4.5,0.241,0.048,5.832,2.121,3.518,11.953,36.727,1.976,9.302,5.8,Yes,2008,No,,84.153,57.114,9.543
Sweden,SWE,Both,2016,11.7,,,,,,20.863,50.566,,,,No,,Yes,2016,,31.095,
Sweden,SWE,Male,2016,15.8,,,,,,20.863,50.566,,,,No,,Yes,2016,,31.095,
Sweden,SWE,Female,2016,7.4,,,,,,20.863,50.566,,,,No,,Yes,2016,,31.095,
Eswatini,SWZ,Both,2016,16.7,,,,,,,,,,,,,,,,,
Eswatini,SWZ,Male,2016,25.4,,,,,,,,,,,,,,,,,
Eswatini,SWZ,Female,2016,9.6,,,,,,,,,,,,,,,,,
Seychelles,SYC,Both,2016,8.3,1.067,,2.134,1.067,1.067,2.134,8.534,,3.2,,Yes,2006,No,,,42.67,
Seychelles,SYC,Male,2016,15,1.067,,2.134,1.067,1.067,2.134,8.534,,3.2,,Yes,2006,No,,,42.67,
Seychelles,SYC,Female,2016,2.1,1.067,,2.134,1.067,1.067,2.134,8.534,,3.2,,Yes,2006,No,,,42.67,
Syria,SYR,Both,2016,2.4,0.016,0.016,2.263,,,0.368,1.068,0.801,1.068,0.2,No,,Yes,2013,,5.338,0.267
Syria,SYR,Male,2016,3.8,0.016,0.016,2.263,,,0.368,1.068,0.801,1.068,0.2,No,,Yes,2013,,5.338,0.267
Syria,SYR,Female,2016,1.1,0.016,0.016,2.263,,,0.368,1.068,0.801,1.068,0.2,No,,Yes,2013,,5.338,0.267
Chad,TCD,Both,2016,15.5,,0.007,0.007,,,0.007,0.021,0.007,,,No,,Yes,2016,,,0.014
Chad,TCD,Male,2016,17.1,,0.007,0.007,,,0.007,0.021,0.007,,,No,,Yes,2016,,,0.014
Chad,TCD,Female,2016,13.8,,0.007,0.007,,,0.007,0.021,0.007,,,No,,Yes,2016,,,0.014
Togo,TGO,Both,2016,16.6,0.013,0.108,0.04,,0.04,0.054,0.27,0.054,0.404,,No,,Yes,2015,0.27,1.618,0.404
Togo,TGO,Male,2016,22.7,0.013,0.108,0.04,,0.04,0.054,0.27,0.054,0.404,,No,,Yes,2015,0.27,1.618,0.404
Togo,TGO,Female,2016,10.9,0.013,0.108,0.04,,0.04,0.054,0.27,0.054,0.404,,No,,Yes,2015,0.27,1.618,0.404
Thailand,THA,Both,2016,12.9,0.028,0.151,1.302,0.007,,0.721,7.418,0.836,1.749,0.3,Yes,2008,Yes,2017,,6.464,0.377
Thailand,THA,Male,2016,21.4,0.028,0.151,1.302,0.007,,0.721,7.418,0.836,1.749,0.3,Yes,2008,Yes,2017,,6.464,0.377
Thailand,THA,Female,2016,4.8,0.028,0.151,1.302,0.007,,0.721,7.418,0.836,1.749,0.3,Yes,2008,Yes,2017,,6.464,0.377
Tajikistan,TJK,Both,2016,3.3,0.035,0.129,0.164,,,1.392,1.497,,,2,Yes,2017,No,,,10.294,6.551
Tajikistan,TJK,Male,2016,5,0.035,0.129,0.164,,,1.392,1.497,,,2,Yes,2017,No,,,10.294,6.551
Tajikistan,TJK,Female,2016,1.7,0.035,0.129,0.164,,,1.392,1.497,,,2,Yes,2017,No,,,10.294,6.551
Turkmenistan,TKM,Both,2016,7.2,,,,,,,,,,,,,,,,,
Turkmenistan,TKM,Male,2016,11,,,,,,,,,,,,,,,,,
Turkmenistan,TKM,Female,2016,3.7,,,,,,,,,,,,,,,,,
Timor-Leste,TLS,Both,2016,6.4,,0.081,6.527,,0.161,0.081,1.37,1.612,0.081,,No,,Yes,2017,1.934,,
Timor-Leste,TLS,Male,2016,9,,0.081,6.527,,0.161,0.081,1.37,1.612,0.081,,No,,Yes,2017,1.934,,
Timor-Leste,TLS,Female,2016,3.7,,0.081,6.527,,0.161,0.081,1.37,1.612,0.081,,No,,Yes,2017,1.934,,
Tonga,TON,Both,2016,4,0,0.94,0.94,,,2.821,16.923,,1.88,1.1,Yes,2001,Yes,2016,,,24.444
Tonga,TON,Male,2016,5.2,0,0.94,0.94,,,2.821,16.923,,1.88,1.1,Yes,2001,Yes,2016,,,24.444
Tonga,TON,Female,2016,2.9,0,0.94,0.94,,,2.821,16.923,,1.88,1.1,Yes,2001,Yes,2016,,,24.444
Trinidad and Tobago,TTO,Both,2016,12.9,,,,,,,,,,,,,,,,,
Trinidad and Tobago,TTO,Male,2016,21.9,,,,,,,,,,,,,,,,,
Trinidad and Tobago,TTO,Female,2016,4.3,,,,,,,,,,,,,,,,,
Tunisia,TUN,Both,2016,3.2,,,,,,,,,,,,,,,,,
Tunisia,TUN,Male,2016,4.4,,,,,,,,,,,,,,,,,
Tunisia,TUN,Female,2016,2.2,,,,,,,,,,,,,,,,,
Turkey,TUR,Both,2016,7.2,0.011,0.455,0.19,,0.174,1.637,150.251,1.643,2.537,,No,,Yes,2011,0.957,5.158,4.673
Turkey,TUR,Male,2016,11.3,0.011,0.455,0.19,,0.174,1.637,150.251,1.643,2.537,,No,,Yes,2011,0.957,5.158,4.673
Turkey,TUR,Female,2016,3.2,0.011,0.455,0.19,,0.174,1.637,150.251,1.643,2.537,,No,,Yes,2011,0.957,5.158,4.673
Tanzania,TZA,Both,2016,9.6,,,,,,,,,,,,,,,,,
Tanzania,TZA,Male,2016,14.3,,,,,,,,,,,,,,,,,
Tanzania,TZA,Female,2016,5.4,,,,,,,,,,,,,,,,,
Uganda,UGA,Both,2016,20,0.002,0.032,0.942,,,0.082,2.242,0.037,0.037,,Yes,1964,Yes,2014,,1.245,0.087
Uganda,UGA,Male,2016,21.2,0.002,0.032,0.942,,,0.082,2.242,0.037,0.037,,Yes,1964,Yes,2014,,1.245,0.087
Uganda,UGA,Female,2016,18.7,0.002,0.032,0.942,,,0.082,2.242,0.037,0.037,,Yes,1964,Yes,2014,,1.245,0.087
Ukraine,UKR,Both,2016,18.5,0.139,0.052,0.049,1.576,,6.93,,,,,Yes,,No,,,65.483,1.919
Ukraine,UKR,Male,2016,34.5,0.139,0.052,0.049,1.576,,6.93,,,,,Yes,,No,,,65.483,1.919
Ukraine,UKR,Female,2016,4.7,0.139,0.052,0.049,1.576,,6.93,,,,,Yes,,No,,,65.483,1.919
Uruguay,URY,Both,2016,16.5,0.321,0.699,,0.612,,14.134,,,,,Yes,1936,Yes,2011,,41.818,8.16
Uruguay,URY,Male,2016,26.8,0.321,0.699,,0.612,,14.134,,,,,Yes,1936,Yes,2011,,41.818,8.16
Uruguay,URY,Female,2016,7.1,0.321,0.699,,0.612,,14.134,,,,,Yes,1936,Yes,2011,,41.818,8.16
United States,USA,Both,2016,13.7,0.189,0.349,0.373,,,10.542,4.283,60.338,29.864,,No,,Yes,2014,,18.66,11.143
United States,USA,Male,2016,21.1,0.189,0.349,0.373,,,10.542,4.283,60.338,29.864,,No,,Yes,2014,,18.66,11.143
United States,USA,Female,2016,6.4,0.189,0.349,0.373,,,10.542,4.283,60.338,29.864,,No,,Yes,2014,,18.66,11.143
Uzbekistan,UZB,Both,2016,7.4,0.081,0.013,0.084,0.052,,2.612,9.214,,0.09,2.7,Yes,2016,Yes,2013,,24.613,0.371
Uzbekistan,UZB,Male,2016,10.3,0.081,0.013,0.084,0.052,,2.612,9.214,,0.09,2.7,Yes,2016,Yes,2013,,24.613,0.371
Uzbekistan,UZB,Female,2016,4.6,0.081,0.013,0.084,0.052,,2.612,9.214,,0.09,2.7,Yes,2016,Yes,2013,,24.613,0.371
SVG,VCT,Both,2016,2.4,,,,,,,,,,,,,,,,,
SVG,VCT,Male,2016,3.9,,,,,,,,,,,,,,,,,
SVG,VCT,Female,2016,0.9,,,,,,,,,,,,,,,,,
Venezuela,VEN,Both,2016,3.8,,,,,,,,,,,,,,,,,
Venezuela,VEN,Male,2016,6.6,,,,,,,,,,,,,,,,,
Venezuela,VEN,Female,2016,1.2,,,,,,,,,,,,,,,,,
Viet Nam,VNM,Both,2016,7,0.043,0.017,0.009,,,,,,,,No,,No,,,8.103,0.192
Viet Nam,VNM,Male,2016,10.8,0.043,0.017,0.009,,,,,,,,No,,No,,,8.103,0.192
Viet Nam,VNM,Female,2016,3.4,0.043,0.017,0.009,,,,,,,,No,,No,,,8.103,0.192
Vanuatu,VUT,Both,2016,5.4,,0.756,2.645,,,0.378,4.535,0.378,0.756,1,Yes,2017,Yes,2016,,,1.512
Vanuatu,VUT,Male,2016,8.1,,0.756,2.645,,,0.378,4.535,0.378,0.756,1,Yes,2017,Yes,2016,,,1.512
Vanuatu,VUT,Female,2016,2.7,,0.756,2.645,,,0.378,4.535,0.378,0.756,1,Yes,2017,Yes,2016,,,1.512
Samoa,WSM,Both,2016,5.4,0.516,0.516,12.387,0.516,4.645,1.548,1.548,1.548,,1.1,Yes,2007,Yes,2006,4.645,5.161,5.161
Samoa,WSM,Male,2016,8.7,0.516,0.516,12.387,0.516,4.645,1.548,1.548,1.548,,1.1,Yes,2007,Yes,2006,4.645,5.161,5.161
Samoa,WSM,Female,2016,2.2,0.516,0.516,12.387,0.516,4.645,1.548,1.548,1.548,,1.1,Yes,2007,Yes,2006,4.645,5.161,5.161
Yemen,YEM,Both,2016,9.8,0.033,0.026,0.063,,,0.201,0.323,0.056,0.409,,No,,No,,,3.801,0
Yemen,YEM,Male,2016,13.4,0.033,0.026,0.063,,,0.201,0.323,0.056,0.409,,No,,No,,,3.801,0
Yemen,YEM,Female,2016,6.2,0.033,0.026,0.063,,,0.201,0.323,0.056,0.409,,No,,No,,,3.801,0
South Africa,ZAF,Both,2016,12.8,0.116,0.072,0.11,,,1.521,,,,3,Yes,2002,Yes,2013,,16.556,4.33
South Africa,ZAF,Male,2016,21.7,0.116,0.072,0.11,,,1.521,,,,3,Yes,2002,Yes,2013,,16.556,4.33
South Africa,ZAF,Female,2016,5.1,0.116,0.072,0.11,,,1.521,,,,3,Yes,2002,Yes,2013,,16.556,4.33
Zambia,ZMB,Both,2016,11.3,0.062,0.062,0.205,,0.019,0.056,1.429,0.019,0.031,,Yes,1951,Yes,2005,0.279,1.304,1.863
Zambia,ZMB,Male,2016,17.5,0.062,0.062,0.205,,0.019,0.056,1.429,0.019,0.031,,Yes,1951,Yes,2005,0.279,1.304,1.863
Zambia,ZMB,Female,2016,6.2,0.062,0.062,0.205,,0.019,0.056,1.429,0.019,0.031,,Yes,1951,Yes,2005,0.279,1.304,1.863
Zimbabwe,ZWE,Both,2016,19.1,0.025,0.025,0.057,0.006,0.051,0.095,3.486,0.634,0.057,3.2,Yes,1996,Yes,2004,0.513,11.497,1.014
Zimbabwe,ZWE,Male,2016,29.1,0.025,0.025,0.057,0.006,0.051,0.095,3.486,0.634,0.057,3.2,Yes,1996,Yes,2004,0.513,11.497,1.014
Zimbabwe,ZWE,Female,2016,11.1,0.025,0.025,0.057,0.006,0.051,0.095,3.486,0.634,0.057,3.2,Yes,1996,Yes,2004,0.513,11.497,1.014
